,mean_fit_time,std_fit_time,mean_score_time,std_score_time,param_ada_boost__estimator,param_ada_boost__learning_rate,param_ada_boost__n_estimators,param_pca__n_components,params,split0_test_score,split1_test_score,split2_test_score,split3_test_score,split4_test_score,mean_test_score,std_test_score,rank_test_score
0,2.47522554397583,0.028780167666866915,0.04690055847167969,0.00694594260402618,DecisionTreeClassifier(max_depth=2),0.5,50,10,"{'ada_boost__estimator': DecisionTreeClassifier(max_depth=2), 'ada_boost__learning_rate': 0.5, 'ada_boost__n_estimators': 50, 'pca__n_components': 10}",0.9170437405731523,0.9044006069802731,0.9230769230769231,0.9115853658536586,0.8721109399075501,0.9056435152783114,0.017861538928875653,67
1,3.2005695343017577,0.5203616783700771,0.05797519683837891,0.027099023362293025,DecisionTreeClassifier(max_depth=2),0.5,50,25,"{'ada_boost__estimator': DecisionTreeClassifier(max_depth=2), 'ada_boost__learning_rate': 0.5, 'ada_boost__n_estimators': 50, 'pca__n_components': 25}",0.9233082706766917,0.9172932330827067,0.9235474006116208,0.9214501510574018,0.874806800618238,0.912081171209332,0.01877149037494646,58
2,4.0386354446411135,0.05631802374128807,0.0485041618347168,0.011207908573188987,DecisionTreeClassifier(max_depth=2),0.5,50,50,"{'ada_boost__estimator': DecisionTreeClassifier(max_depth=2), 'ada_boost__learning_rate': 0.5, 'ada_boost__n_estimators': 50, 'pca__n_components': 50}",0.9113149847094801,0.9127105666156202,0.9099236641221374,0.913767019667171,0.8615863141524106,0.9018605098533639,0.020178707087502554,72
3,7.784010791778565,0.16932375033201766,0.06471500396728516,0.012000379283243885,DecisionTreeClassifier(max_depth=2),0.5,50,100,"{'ada_boost__estimator': DecisionTreeClassifier(max_depth=2), 'ada_boost__learning_rate': 0.5, 'ada_boost__n_estimators': 50, 'pca__n_components': 100}",0.9131736526946108,0.9099236641221374,0.9135802469135802,0.9228441754916793,0.8686244204018547,0.9056292319247724,0.018996259789026002,68
4,1.9854217529296876,0.05097548899647498,0.044934415817260744,0.009057825150196593,DecisionTreeClassifier(max_depth=2),0.5,100,10,"{'ada_boost__estimator': DecisionTreeClassifier(max_depth=2), 'ada_boost__learning_rate': 0.5, 'ada_boost__n_estimators': 100, 'pca__n_components': 10}",0.9194029850746268,0.9177877428998505,0.9298780487804879,0.9159159159159159,0.8855421686746988,0.913705372269116,0.014891182270757981,49
5,3.8879395961761474,0.07750377926679189,0.04120445251464844,0.004695625754206811,DecisionTreeClassifier(max_depth=2),0.5,100,25,"{'ada_boost__estimator': DecisionTreeClassifier(max_depth=2), 'ada_boost__learning_rate': 0.5, 'ada_boost__n_estimators': 100, 'pca__n_components': 25}",0.9369369369369369,0.9237804878048781,0.9251908396946565,0.9323308270676691,0.8909090909090909,0.9218296364826463,0.016184493672644695,31
6,6.576872396469116,0.042734356856949166,0.0502932071685791,0.009086861198284956,DecisionTreeClassifier(max_depth=2),0.5,100,50,"{'ada_boost__estimator': DecisionTreeClassifier(max_depth=2), 'ada_boost__learning_rate': 0.5, 'ada_boost__n_estimators': 100, 'pca__n_components': 50}",0.9258698940998488,0.9155145929339478,0.9233128834355828,0.9367469879518072,0.8761609907120743,0.9155210698266523,0.020820979771689768,46
7,12.733231782913208,0.3332254252349335,0.08796854019165039,0.014939992471054151,DecisionTreeClassifier(max_depth=2),0.5,100,100,"{'ada_boost__estimator': DecisionTreeClassifier(max_depth=2), 'ada_boost__learning_rate': 0.5, 'ada_boost__n_estimators': 100, 'pca__n_components': 100}",0.9162861491628614,0.9188361408882083,0.9251908396946565,0.927710843373494,0.8946564885496183,0.9165360923337676,0.011694866133252713,44
8,2.993587064743042,0.03526201810831821,0.05600385665893555,0.01646946202258554,DecisionTreeClassifier(max_depth=2),0.5,200,10,"{'ada_boost__estimator': DecisionTreeClassifier(max_depth=2), 'ada_boost__learning_rate': 0.5, 'ada_boost__n_estimators': 200, 'pca__n_components': 10}",0.924219910846954,0.9147982062780269,0.9272727272727272,0.9194029850746268,0.8855421686746988,0.9142471996294068,0.014966521796397493,48
9,6.874536561965942,0.11826530159643639,0.0576901912689209,0.002393808559946451,DecisionTreeClassifier(max_depth=2),0.5,200,25,"{'ada_boost__estimator': DecisionTreeClassifier(max_depth=2), 'ada_boost__learning_rate': 0.5, 'ada_boost__n_estimators': 200, 'pca__n_components': 25}",0.9341317365269461,0.9272727272727272,0.9282442748091603,0.9379727685325264,0.8943338437978561,0.9243910701878433,0.015530171295405883,24
10,12.976928472518921,0.09174663928070992,0.06637639999389648,0.005863324047387838,DecisionTreeClassifier(max_depth=2),0.5,200,50,"{'ada_boost__estimator': DecisionTreeClassifier(max_depth=2), 'ada_boost__learning_rate': 0.5, 'ada_boost__n_estimators': 200, 'pca__n_components': 50}",0.9357249626307922,0.9261538461538461,0.9280245022970903,0.9355322338830585,0.9024390243902439,0.9255749138710062,0.01219653016033508,23
11,24.454408740997316,0.16394038393705923,0.09979887008666992,0.0020860085643055557,DecisionTreeClassifier(max_depth=2),0.5,200,100,"{'ada_boost__estimator': DecisionTreeClassifier(max_depth=2), 'ada_boost__learning_rate': 0.5, 'ada_boost__n_estimators': 200, 'pca__n_components': 100}",0.928679817905918,0.9249617151607963,0.9298780487804879,0.9347496206373292,0.891640866873065,0.9219820138715192,0.01548989057190751,29
12,1.531804656982422,0.09273990496645168,0.028621768951416014,0.0043660806939785505,DecisionTreeClassifier(max_depth=2),1.0,50,10,"{'ada_boost__estimator': DecisionTreeClassifier(max_depth=2), 'ada_boost__learning_rate': 1, 'ada_boost__n_estimators': 50, 'pca__n_components': 10}",0.9210526315789473,0.9055472263868066,0.9181818181818182,0.9182763744427934,0.8736998514115899,0.9073515804003911,0.0176638531244496,65
13,2.55238037109375,0.04513384471548054,0.03275165557861328,0.0035277381694431924,DecisionTreeClassifier(max_depth=2),1.0,50,25,"{'ada_boost__estimator': DecisionTreeClassifier(max_depth=2), 'ada_boost__learning_rate': 1, 'ada_boost__n_estimators': 50, 'pca__n_components': 25}",0.9444444444444444,0.9148936170212766,0.9130434782608695,0.9357249626307922,0.8715596330275229,0.9159332270769813,0.02523112997137061,45
14,4.315046072006226,0.17400815184168705,0.040069293975830075,0.004808456103700267,DecisionTreeClassifier(max_depth=2),1.0,50,50,"{'ada_boost__estimator': DecisionTreeClassifier(max_depth=2), 'ada_boost__learning_rate': 1, 'ada_boost__n_estimators': 50, 'pca__n_components': 50}",0.9266862170087976,0.9200603318250377,0.9165402124430956,0.9164179104477612,0.8738461538461538,0.9107101651141691,0.01880522792778604,61
15,8.363026142120361,0.06785698484652805,0.07298579216003417,0.006448573667912784,DecisionTreeClassifier(max_depth=2),1.0,50,100,"{'ada_boost__estimator': DecisionTreeClassifier(max_depth=2), 'ada_boost__learning_rate': 1, 'ada_boost__n_estimators': 50, 'pca__n_components': 100}",0.9299552906110283,0.9155145929339478,0.9151515151515152,0.9154078549848943,0.8817204301075269,0.9115499367577826,0.015950736133666838,59
16,2.1187501907348634,0.14541098815285483,0.04465341567993164,0.014316051199969817,DecisionTreeClassifier(max_depth=2),1.0,100,10,"{'ada_boost__estimator': DecisionTreeClassifier(max_depth=2), 'ada_boost__learning_rate': 1, 'ada_boost__n_estimators': 100, 'pca__n_components': 10}",0.9269005847953217,0.9077380952380952,0.9288956127080181,0.9161676646706587,0.8724035608308606,0.9104211036485909,0.020486267807784862,62
17,4.396029472351074,0.05700833821021959,0.058931732177734376,0.009786045161882903,DecisionTreeClassifier(max_depth=2),1.0,100,25,"{'ada_boost__estimator': DecisionTreeClassifier(max_depth=2), 'ada_boost__learning_rate': 1, 'ada_boost__n_estimators': 100, 'pca__n_components': 25}",0.9408284023668639,0.928462709284627,0.9256449165402124,0.9253294289897511,0.8892261001517451,0.92189831146664,0.017290012547383535,30
18,7.976543998718261,0.07612202678962325,0.05833272933959961,0.00883008635934908,DecisionTreeClassifier(max_depth=2),1.0,100,50,"{'ada_boost__estimator': DecisionTreeClassifier(max_depth=2), 'ada_boost__learning_rate': 1, 'ada_boost__n_estimators': 100, 'pca__n_components': 50}",0.9300911854103343,0.9209726443768997,0.9207317073170732,0.9307228915662651,0.889922480620155,0.9184881818581454,0.01490988303632289,42
19,14.86862325668335,0.1322622607483635,0.08372740745544434,0.011270845147027508,DecisionTreeClassifier(max_depth=2),1.0,100,100,"{'ada_boost__estimator': DecisionTreeClassifier(max_depth=2), 'ada_boost__learning_rate': 1, 'ada_boost__n_estimators': 100, 'pca__n_components': 100}",0.9221556886227545,0.895800933125972,0.9130434782608695,0.9327354260089686,0.8820826952526799,0.9091636442542489,0.018173690166873892,64
20,3.4547709941864015,0.16523090094614407,0.040626239776611325,0.00653043517217988,DecisionTreeClassifier(max_depth=2),1.0,200,10,"{'ada_boost__estimator': DecisionTreeClassifier(max_depth=2), 'ada_boost__learning_rate': 1, 'ada_boost__n_estimators': 200, 'pca__n_components': 10}",0.935672514619883,0.9155555555555556,0.9303030303030303,0.9201183431952663,0.8978978978978979,0.9199094683143267,0.013114947021383034,37
21,7.67156662940979,0.17617166591067873,0.05797491073608398,0.007686295337928705,DecisionTreeClassifier(max_depth=2),1.0,200,25,"{'ada_boost__estimator': DecisionTreeClassifier(max_depth=2), 'ada_boost__learning_rate': 1, 'ada_boost__n_estimators': 200, 'pca__n_components': 25}",0.9359165424739195,0.9303030303030303,0.9230769230769231,0.9404761904761905,0.8888888888888888,0.9237323150437906,0.018365625208117266,25
22,13.837555074691773,0.10257864705175976,0.08534355163574218,0.019352448876534,DecisionTreeClassifier(max_depth=2),1.0,200,50,"{'ada_boost__estimator': DecisionTreeClassifier(max_depth=2), 'ada_boost__learning_rate': 1, 'ada_boost__n_estimators': 200, 'pca__n_components': 50}",0.9315068493150684,0.9271317829457364,0.9135802469135802,0.9349470499243571,0.9038167938931297,0.9221965445983743,0.011710418944775727,28
23,28.428494262695313,0.4453868438808809,0.13876776695251464,0.03205491657903896,DecisionTreeClassifier(max_depth=2),1.0,200,100,"{'ada_boost__estimator': DecisionTreeClassifier(max_depth=2), 'ada_boost__learning_rate': 1, 'ada_boost__n_estimators': 200, 'pca__n_components': 100}",0.9246987951807228,0.9242658423493045,0.9315068493150684,0.9311377245508982,0.8942598187311178,0.9211738060254223,0.013801452135621084,34
24,1.8009797573089599,0.14507412900392352,0.03465185165405273,0.0065749204482287524,DecisionTreeClassifier(max_depth=2),1.5,50,10,"{'ada_boost__estimator': DecisionTreeClassifier(max_depth=2), 'ada_boost__learning_rate': 1.5, 'ada_boost__n_estimators': 50, 'pca__n_components': 10}",0.9035971223021583,0.9125364431486881,0.9291101055806938,0.9120715350223547,0.8635014836795252,0.9041633379466839,0.021948561135967545,69
25,3.064020013809204,0.07660843516358032,0.044703340530395506,0.011661442146474493,DecisionTreeClassifier(max_depth=2),1.5,50,25,"{'ada_boost__estimator': DecisionTreeClassifier(max_depth=2), 'ada_boost__learning_rate': 1.5, 'ada_boost__n_estimators': 50, 'pca__n_components': 25}",0.9074626865671642,0.8919330289193302,0.9161676646706587,0.9205397301349325,0.8746268656716418,0.9021459951927456,0.01688082389543407,71
26,5.238251686096191,0.14727011471899232,0.048674917221069335,0.004008851580256289,DecisionTreeClassifier(max_depth=2),1.5,50,50,"{'ada_boost__estimator': DecisionTreeClassifier(max_depth=2), 'ada_boost__learning_rate': 1.5, 'ada_boost__n_estimators': 50, 'pca__n_components': 50}",0.9166666666666666,0.8975903614457831,0.9074626865671642,0.9177877428998505,0.8967642526964561,0.9072543420551842,0.008977998567108252,66
27,9.502558374404908,0.09814966727222509,0.07315297126770019,0.013046043710622486,DecisionTreeClassifier(max_depth=2),1.5,50,100,"{'ada_boost__estimator': DecisionTreeClassifier(max_depth=2), 'ada_boost__learning_rate': 1.5, 'ada_boost__n_estimators': 50, 'pca__n_components': 100}",0.8956127080181543,0.916030534351145,0.9226100151745068,0.9036144578313253,0.8761609907120743,0.9028057412174413,0.016306078002123203,70
28,2.2360695362091065,0.09896323270712923,0.039786148071289065,0.0065997557637064415,DecisionTreeClassifier(max_depth=2),1.5,100,10,"{'ada_boost__estimator': DecisionTreeClassifier(max_depth=2), 'ada_boost__learning_rate': 1.5, 'ada_boost__n_estimators': 100, 'pca__n_components': 10}",0.9154518950437318,0.9171597633136095,0.9288956127080181,0.9161676646706587,0.8761329305135952,0.9107615732499227,0.018000822558415855,60
29,4.921221780776977,0.050665128445596466,0.05471115112304688,0.01200065926740912,DecisionTreeClassifier(max_depth=2),1.5,100,25,"{'ada_boost__estimator': DecisionTreeClassifier(max_depth=2), 'ada_boost__learning_rate': 1.5, 'ada_boost__n_estimators': 100, 'pca__n_components': 25}",0.9335302806499262,0.9172932330827067,0.9235474006116208,0.9285714285714286,0.9036144578313253,0.9213113601494015,0.010356989769416342,33
30,8.412501811981201,0.054251222109919985,0.05777888298034668,0.0028266645208621247,DecisionTreeClassifier(max_depth=2),1.5,100,50,"{'ada_boost__estimator': DecisionTreeClassifier(max_depth=2), 'ada_boost__learning_rate': 1.5, 'ada_boost__n_estimators': 100, 'pca__n_components': 50}",0.931185944363104,0.9233082706766917,0.9146341463414634,0.9233038348082596,0.8794992175273866,0.9143862827433811,0.01821275371709319,47
31,15.366067934036256,0.04019853874813312,0.09813575744628907,0.012784905218176396,DecisionTreeClassifier(max_depth=2),1.5,100,100,"{'ada_boost__estimator': DecisionTreeClassifier(max_depth=2), 'ada_boost__learning_rate': 1.5, 'ada_boost__n_estimators': 100, 'pca__n_components': 100}",0.9120715350223547,0.9077380952380952,0.9154078549848943,0.9217134416543574,0.889894419306184,0.9093650692411771,0.01075244875478607,63
32,3.61252646446228,0.10710160183334352,0.04927330017089844,0.008115172999455893,DecisionTreeClassifier(max_depth=2),1.5,200,10,"{'ada_boost__estimator': DecisionTreeClassifier(max_depth=2), 'ada_boost__learning_rate': 1.5, 'ada_boost__n_estimators': 200, 'pca__n_components': 10}",0.9193083573487032,0.911504424778761,0.9221374045801527,0.9198813056379822,0.8935532233883059,0.9132769431467811,0.010494477409365661,51
33,8.12094488143921,0.14380085053962102,0.0687340259552002,0.010812884484962326,DecisionTreeClassifier(max_depth=2),1.5,200,25,"{'ada_boost__estimator': DecisionTreeClassifier(max_depth=2), 'ada_boost__learning_rate': 1.5, 'ada_boost__n_estimators': 200, 'pca__n_components': 25}",0.9397944199706314,0.9307228915662651,0.9379727685325264,0.9337349397590361,0.9014925373134328,0.9287435114283784,0.013991066142560358,15
34,14.829936695098876,0.11130431938742376,0.08604779243469238,0.013163584814554426,DecisionTreeClassifier(max_depth=2),1.5,200,50,"{'ada_boost__estimator': DecisionTreeClassifier(max_depth=2), 'ada_boost__learning_rate': 1.5, 'ada_boost__n_estimators': 200, 'pca__n_components': 50}",0.924219910846954,0.9274924471299094,0.9176829268292683,0.9244712990936556,0.8964451313755796,0.9180623430550734,0.011272666223629359,43
35,31.107311534881593,1.098343765325282,0.15353798866271973,0.03548315790040598,DecisionTreeClassifier(max_depth=2),1.5,200,100,"{'ada_boost__estimator': DecisionTreeClassifier(max_depth=2), 'ada_boost__learning_rate': 1.5, 'ada_boost__n_estimators': 200, 'pca__n_components': 100}",0.9230769230769231,0.909375,0.9170437405731523,0.9269746646795827,0.8905775075987842,0.9134095671856883,0.012870567458450125,50
36,1.5182505130767823,0.22222505717457364,0.042003822326660153,0.011005552499297059,LogisticRegression(),0.5,50,10,"{'ada_boost__estimator': LogisticRegression(), 'ada_boost__learning_rate': 0.5, 'ada_boost__n_estimators': 50, 'pca__n_components': 10}",0.9313868613138686,0.9403202328966521,0.929745889387145,0.9401459854014599,0.8979591836734694,0.927911630534519,0.015596433304213833,19
37,1.6811879634857179,0.14022109848660744,0.034850692749023436,0.008743622516284752,LogisticRegression(),0.5,50,25,"{'ada_boost__estimator': LogisticRegression(), 'ada_boost__learning_rate': 0.5, 'ada_boost__n_estimators': 50, 'pca__n_components': 25}",0.9387755102040817,0.9441176470588235,0.9415292353823088,0.9587020648967551,0.9274074074074075,0.9421063729898753,0.01006925555499439,8
38,2.137755346298218,0.17068534157698514,0.04103207588195801,0.006002297442095485,LogisticRegression(),0.5,50,50,"{'ada_boost__estimator': LogisticRegression(), 'ada_boost__learning_rate': 0.5, 'ada_boost__n_estimators': 50, 'pca__n_components': 50}",0.9418604651162791,0.948905109489051,0.9397590361445783,0.960352422907489,0.9303703703703704,0.9442494808055535,0.009994806836210296,2
39,3.6206992149353026,0.29170251341711556,0.06137213706970215,0.005369043815423591,LogisticRegression(),0.5,50,100,"{'ada_boost__estimator': LogisticRegression(), 'ada_boost__learning_rate': 0.5, 'ada_boost__n_estimators': 50, 'pca__n_components': 100}",0.9384164222873901,0.9467455621301775,0.9413533834586466,0.957037037037037,0.930576070901034,0.9428256951628571,0.008820320612164145,4
40,1.2355474472045898,0.26838148844540355,0.02827591896057129,0.0013225809154134073,LogisticRegression(),0.5,100,10,"{'ada_boost__estimator': LogisticRegression(), 'ada_boost__learning_rate': 0.5, 'ada_boost__n_estimators': 100, 'pca__n_components': 10}",0.9313868613138686,0.9403202328966521,0.929745889387145,0.9428989751098097,0.8979591836734694,0.928462228476189,0.01606031710151049,16
41,2.279762125015259,0.49394713659473016,0.051742172241210936,0.019834717378729175,LogisticRegression(),0.5,100,25,"{'ada_boost__estimator': LogisticRegression(), 'ada_boost__learning_rate': 0.5, 'ada_boost__n_estimators': 100, 'pca__n_components': 25}",0.9430656934306569,0.943952802359882,0.9369369369369369,0.9601181683899557,0.9276218611521418,0.9423390924539147,0.010630218541488478,6
42,2.5218481063842773,0.1036997474126071,0.05702028274536133,0.00595784619540455,LogisticRegression(),0.5,100,50,"{'ada_boost__estimator': LogisticRegression(), 'ada_boost__learning_rate': 0.5, 'ada_boost__n_estimators': 100, 'pca__n_components': 50}",0.9387755102040817,0.9501466275659824,0.9387144992526159,0.9616519174041298,0.9301634472511144,0.9438904003355848,0.010917812617881497,3
43,4.158200979232788,0.03500597667880728,0.07674627304077149,0.00808599661973599,LogisticRegression(),0.5,100,100,"{'ada_boost__estimator': LogisticRegression(), 'ada_boost__learning_rate': 0.5, 'ada_boost__n_estimators': 100, 'pca__n_components': 100}",0.9385964912280702,0.943952802359882,0.9367469879518072,0.9540740740740741,0.930576070901034,0.9407892853029735,0.00789875578825263,9
44,2.009436845779419,0.8739688494180479,0.05517430305480957,0.018619013629651772,LogisticRegression(),0.5,200,10,"{'ada_boost__estimator': LogisticRegression(), 'ada_boost__learning_rate': 0.5, 'ada_boost__n_estimators': 200, 'pca__n_components': 10}",0.9313868613138686,0.9403202328966521,0.9283582089552239,0.9442815249266863,0.8979591836734694,0.92846120235318,0.016308662994203367,17
45,1.972595500946045,0.0366187050257025,0.05482778549194336,0.012536722173309133,LogisticRegression(),0.5,200,25,"{'ada_boost__estimator': LogisticRegression(), 'ada_boost__learning_rate': 0.5, 'ada_boost__n_estimators': 200, 'pca__n_components': 25}",0.938953488372093,0.9437869822485208,0.9431137724550899,0.9601181683899557,0.9276218611521418,0.9427188545235602,0.010451125978975465,5
46,2.706951856613159,0.06304187895868854,0.07168211936950683,0.011574625335384732,LogisticRegression(),0.5,200,50,"{'ada_boost__estimator': LogisticRegression(), 'ada_boost__learning_rate': 0.5, 'ada_boost__n_estimators': 200, 'pca__n_components': 50}",0.9430656934306569,0.9544787077826725,0.9461077844311377,0.9631811487481591,0.9278350515463918,0.9469336771878037,0.0118432150817582,1
47,4.656699228286743,0.0724955296031204,0.10386214256286622,0.00708210141294833,LogisticRegression(),0.5,200,100,"{'ada_boost__estimator': LogisticRegression(), 'ada_boost__learning_rate': 0.5, 'ada_boost__n_estimators': 200, 'pca__n_components': 100}",0.9370424597364568,0.9470588235294117,0.9415292353823088,0.9557522123893806,0.9301634472511144,0.9423092356577344,0.008707924131632771,7
48,1.4568540096282958,0.05731730176880222,0.03975257873535156,0.0034314316271073842,LogisticRegression(),1.0,50,10,"{'ada_boost__estimator': LogisticRegression(), 'ada_boost__learning_rate': 1, 'ada_boost__n_estimators': 50, 'pca__n_components': 10}",0.9256965944272446,0.9127725856697819,0.915625,0.9273570324574961,0.8839427662957074,0.9130787957700459,0.015611290913900197,52
49,2.144126224517822,0.05438715555710679,0.0585667610168457,0.008670679705929453,LogisticRegression(),1.0,50,25,"{'ada_boost__estimator': LogisticRegression(), 'ada_boost__learning_rate': 1, 'ada_boost__n_estimators': 50, 'pca__n_components': 25}",0.926605504587156,0.924031007751938,0.9088050314465409,0.9452887537993921,0.89375,0.9196960595170054,0.017397302692660804,39
50,2.8278591632843018,0.051096861549855786,0.08787369728088379,0.009969556937090894,LogisticRegression(),1.0,50,50,"{'ada_boost__estimator': LogisticRegression(), 'ada_boost__learning_rate': 1, 'ada_boost__n_estimators': 50, 'pca__n_components': 50}",0.924924924924925,0.9345509893455098,0.9226006191950464,0.9516616314199395,0.9079754601226994,0.9283427250016241,0.014434628902858671,18
51,4.702926206588745,0.07966345463189856,0.10948767662048339,0.02639898263211606,LogisticRegression(),1.0,50,100,"{'ada_boost__estimator': LogisticRegression(), 'ada_boost__learning_rate': 1, 'ada_boost__n_estimators': 50, 'pca__n_components': 100}",0.9321266968325792,0.9298780487804879,0.9204368174726989,0.9518072289156626,0.9127105666156202,0.9293918717234098,0.01318046138264662,13
52,1.3301762580871581,0.05378944736838384,0.0484255313873291,0.028692000960512182,LogisticRegression(),1.0,100,10,"{'ada_boost__estimator': LogisticRegression(), 'ada_boost__learning_rate': 1, 'ada_boost__n_estimators': 100, 'pca__n_components': 10}",0.9256965944272446,0.9127725856697819,0.915625,0.9273570324574961,0.8839427662957074,0.9130787957700459,0.015611290913900197,52
53,2.3257277488708494,0.4112005955625154,0.06548027992248535,0.018853262286882583,LogisticRegression(),1.0,100,25,"{'ada_boost__estimator': LogisticRegression(), 'ada_boost__learning_rate': 1, 'ada_boost__n_estimators': 100, 'pca__n_components': 25}",0.926605504587156,0.9256965944272446,0.9088050314465409,0.9404580152671755,0.892018779342723,0.918716785014168,0.016701240040645392,41
54,2.6760878562927246,0.07506525889341813,0.08679866790771484,0.014008518821557006,LogisticRegression(),1.0,100,50,"{'ada_boost__estimator': LogisticRegression(), 'ada_boost__learning_rate': 1, 'ada_boost__n_estimators': 100, 'pca__n_components': 50}",0.9263157894736842,0.9287925696594427,0.9263803680981595,0.9508196721311475,0.9233082706766917,0.931123334007825,0.010000616209549857,11
55,4.5867430686950685,0.06394594627374467,0.09457230567932129,0.016511700588311227,LogisticRegression(),1.0,100,100,"{'ada_boost__estimator': LogisticRegression(), 'ada_boost__learning_rate': 1, 'ada_boost__n_estimators': 100, 'pca__n_components': 100}",0.9269746646795827,0.9327217125382263,0.9304482225656878,0.9486404833836858,0.91324200913242,0.9304054184599206,0.011351099809861882,12
56,1.3769134521484374,0.05030177255174882,0.03452610969543457,0.0052859708230554485,LogisticRegression(),1.0,200,10,"{'ada_boost__estimator': LogisticRegression(), 'ada_boost__learning_rate': 1, 'ada_boost__n_estimators': 200, 'pca__n_components': 10}",0.9256965944272446,0.9127725856697819,0.915625,0.9273570324574961,0.8839427662957074,0.9130787957700459,0.015611290913900197,52
57,2.0231454372406006,0.039006451217534335,0.07558889389038086,0.011048136380983335,LogisticRegression(),1.0,200,25,"{'ada_boost__estimator': LogisticRegression(), 'ada_boost__learning_rate': 1, 'ada_boost__n_estimators': 200, 'pca__n_components': 25}",0.926605504587156,0.9273570324574961,0.9139280125195618,0.9406392694063926,0.890282131661442,0.9197623901264096,0.016991035856307138,38
58,2.6404519081115723,0.058961353132812984,0.08670802116394043,0.011435763327047209,LogisticRegression(),1.0,200,50,"{'ada_boost__estimator': LogisticRegression(), 'ada_boost__learning_rate': 1, 'ada_boost__n_estimators': 200, 'pca__n_components': 50}",0.9311377245508982,0.9240121580547113,0.9273570324574961,0.9404580152671755,0.9165402124430956,0.9279010285546754,0.007907483854049133,20
59,4.517858505249023,0.05920980277201798,0.11174507141113281,0.018163846535150466,LogisticRegression(),1.0,200,100,"{'ada_boost__estimator': LogisticRegression(), 'ada_boost__learning_rate': 1, 'ada_boost__n_estimators': 200, 'pca__n_components': 100}",0.933933933933934,0.9282442748091603,0.9242658423493045,0.9548192771084337,0.9155145929339478,0.931355584226956,0.013176300407761913,10
60,1.336505651473999,0.04379180741590534,0.04245319366455078,0.008439677904584272,LogisticRegression(),1.5,50,10,"{'ada_boost__estimator': LogisticRegression(), 'ada_boost__learning_rate': 1.5, 'ada_boost__n_estimators': 50, 'pca__n_components': 10}",0.9256965944272446,0.9127725856697819,0.9133858267716536,0.9273570324574961,0.8839427662957074,0.9126309611243768,0.015563870679866997,55
61,2.211419105529785,0.1036532075496479,0.054766368865966794,0.005883402293936295,LogisticRegression(),1.5,50,25,"{'ada_boost__estimator': LogisticRegression(), 'ada_boost__learning_rate': 1.5, 'ada_boost__n_estimators': 50, 'pca__n_components': 25}",0.9181818181818182,0.922360248447205,0.9122257053291536,0.9438543247344461,0.8975155279503105,0.9188275249285868,0.015079940440266308,40
62,3.165869140625,0.012284704920554152,0.11750860214233398,0.06165187747982976,LogisticRegression(),1.5,50,50,"{'ada_boost__estimator': LogisticRegression(), 'ada_boost__learning_rate': 1.5, 'ada_boost__n_estimators': 50, 'pca__n_components': 50}",0.9207772795216741,0.9244992295839753,0.9206842923794712,0.9452887537993921,0.8998459167950693,0.9222190944159164,0.014438848463700407,27
63,5.1035360336303714,0.09597887031587386,0.11973943710327148,0.022912670483971827,LogisticRegression(),1.5,50,100,"{'ada_boost__estimator': LogisticRegression(), 'ada_boost__learning_rate': 1.5, 'ada_boost__n_estimators': 50, 'pca__n_components': 100}",0.9337349397590361,0.9351432880844646,0.9175738724727839,0.9470499243570348,0.8998459167950693,0.9266695882936776,0.016366565164923963,22
64,1.4212059497833252,0.04071761420769378,0.04839844703674316,0.015629029041488975,LogisticRegression(),1.5,100,10,"{'ada_boost__estimator': LogisticRegression(), 'ada_boost__learning_rate': 1.5, 'ada_boost__n_estimators': 100, 'pca__n_components': 10}",0.9256965944272446,0.9127725856697819,0.9133858267716536,0.9273570324574961,0.8839427662957074,0.9126309611243768,0.015563870679866997,55
65,2.3195860385894775,0.07258571727053675,0.09926462173461914,0.04168260403860059,LogisticRegression(),1.5,100,25,"{'ada_boost__estimator': LogisticRegression(), 'ada_boost__learning_rate': 1.5, 'ada_boost__n_estimators': 100, 'pca__n_components': 25}",0.9240121580547113,0.9306625577812019,0.9079563182527302,0.9406392694063926,0.9040247678018576,0.9214590142593787,0.013750503213278004,32
66,2.9480849742889403,0.10187744389230208,0.09155459403991699,0.01404186985551512,LogisticRegression(),1.5,100,50,"{'ada_boost__estimator': LogisticRegression(), 'ada_boost__learning_rate': 1.5, 'ada_boost__n_estimators': 100, 'pca__n_components': 50}",0.9216867469879518,0.9256449165402124,0.9096573208722741,0.9440242057488654,0.9046153846153846,0.9211257149529377,0.01377819938385599,35
67,5.047793197631836,0.17322826181462156,0.12028336524963379,0.020456801913853705,LogisticRegression(),1.5,100,100,"{'ada_boost__estimator': LogisticRegression(), 'ada_boost__learning_rate': 1.5, 'ada_boost__n_estimators': 100, 'pca__n_components': 100}",0.9351032448377581,0.9341500765696784,0.9164086687306502,0.9457831325301205,0.9046153846153846,0.9272121014567183,0.014714717858875476,21
68,1.4539015293121338,0.04318499683681584,0.045622634887695315,0.012256198249101909,LogisticRegression(),1.5,200,10,"{'ada_boost__estimator': LogisticRegression(), 'ada_boost__learning_rate': 1.5, 'ada_boost__n_estimators': 200, 'pca__n_components': 10}",0.9256965944272446,0.9127725856697819,0.9133858267716536,0.9273570324574961,0.8839427662957074,0.9126309611243768,0.015563870679866997,55
69,2.203905630111694,0.0583002532793208,0.07198362350463867,0.02305669374396126,LogisticRegression(),1.5,200,25,"{'ada_boost__estimator': LogisticRegression(), 'ada_boost__learning_rate': 1.5, 'ada_boost__n_estimators': 200, 'pca__n_components': 25}",0.9251908396946565,0.9259259259259259,0.9056603773584906,0.9420731707317073,0.9009287925696594,0.9199558212560879,0.014957354395154115,36
70,2.7965919971466064,0.0900021428614299,0.08194327354431152,0.020319903950919614,LogisticRegression(),1.5,200,50,"{'ada_boost__estimator': LogisticRegression(), 'ada_boost__learning_rate': 1.5, 'ada_boost__n_estimators': 200, 'pca__n_components': 50}",0.926829268292683,0.9230769230769231,0.9135802469135802,0.9440242057488654,0.9076923076923077,0.923040590344872,0.012487877276009302,26
71,3.973819065093994,0.3258054858003107,0.06031069755554199,0.013550481031138303,LogisticRegression(),1.5,200,100,"{'ada_boost__estimator': LogisticRegression(), 'ada_boost__learning_rate': 1.5, 'ada_boost__n_estimators': 200, 'pca__n_components': 100}",0.929745889387145,0.9404580152671755,0.922360248447205,0.9393939393939394,0.9124423963133641,0.9288800977617658,0.010564517014596021,14
