,mean_fit_time,std_fit_time,mean_score_time,std_score_time,param_logit__C,param_logit__class_weight,param_logit__l1_ratio,params,split0_test_score,split1_test_score,split2_test_score,split3_test_score,split4_test_score,mean_test_score,std_test_score,rank_test_score
0,12.324128198623658,0.3025506591412327,0.09608955383300781,0.03199433682133495,0.001,,0.0,"{'logit__C': 0.001, 'logit__class_weight': None, 'logit__l1_ratio': 0.0}",0.9323308270676691,0.9487951807228916,0.9280245022970903,0.9520958083832335,0.9204892966360856,0.9363471230213941,0.012164230659940073,266
1,7.287539482116699,0.26440836039305515,0.05018019676208496,0.017673707310031886,0.001,,0.1,"{'logit__C': 0.001, 'logit__class_weight': None, 'logit__l1_ratio': 0.1}",0.8982785602503912,0.9153605015673981,0.8977635782747604,0.9280245022970903,0.8952380952380953,0.9069330475255472,0.01274066459295038,269
2,5.813952016830444,0.2440404188125038,0.03495945930480957,0.004046387407421122,0.001,,0.2,"{'logit__C': 0.001, 'logit__class_weight': None, 'logit__l1_ratio': 0.2}",0.8817891373801917,0.8711256117455138,0.8651315789473685,0.8839427662957074,0.8613376835236541,0.8726653555784871,0.008920405174997429,272
3,5.144021081924438,0.16049554551304893,0.02920074462890625,0.0069143974804991406,0.001,,0.3,"{'logit__C': 0.001, 'logit__class_weight': None, 'logit__l1_ratio': 0.3}",0.8538587848932676,0.8291032148900169,0.8082901554404145,0.847682119205298,0.8225255972696246,0.8322919743397243,0.016635032280188124,274
4,4.826209974288941,0.09963137840070031,0.022207164764404298,0.005721487466265452,0.001,,0.4,"{'logit__C': 0.001, 'logit__class_weight': None, 'logit__l1_ratio': 0.4}",0.8047945205479452,0.7838312829525483,0.7431693989071039,0.7859649122807018,0.7823008849557522,0.7800121999288103,0.02013362193463344,278
5,4.761658716201782,0.1693060885010464,0.03755030632019043,0.019818788806928233,0.001,,0.5,"{'logit__C': 0.001, 'logit__class_weight': None, 'logit__l1_ratio': 0.5}",0.7495495495495496,0.7352941176470589,0.6981132075471698,0.7014925373134329,0.7116104868913857,0.7192119797897194,0.01997960371524851,280
6,4.9214849948883055,0.14235276676096667,0.04595537185668945,0.007304177847977695,0.001,,0.6,"{'logit__C': 0.001, 'logit__class_weight': None, 'logit__l1_ratio': 0.6}",0.6743295019157088,0.6469428007889546,0.6144578313253012,0.6147704590818364,0.6129032258064516,0.6326807637836505,0.024421418377589637,282
7,5.394005966186524,0.1691163254757385,0.05142765045166016,0.009309891567511335,0.001,,0.7,"{'logit__C': 0.001, 'logit__class_weight': None, 'logit__l1_ratio': 0.7}",0.49344978165938863,0.41203703703703703,0.4046511627906977,0.3972286374133949,0.41379310344827586,0.4242319444697588,0.03510378827852594,283
8,4.125642728805542,0.5223674322969025,0.039491128921508786,0.016607651584054955,0.001,,0.8,"{'logit__C': 0.001, 'logit__class_weight': None, 'logit__l1_ratio': 0.8}",0.0,0.0058309037900874635,0.0,0.005813953488372093,0.005813953488372093,0.00349176215336633,0.002851018578008816,284
9,4.331969499588013,0.17460696535793055,0.025771713256835936,0.005297792607736277,0.001,,0.9,"{'logit__C': 0.001, 'logit__class_weight': None, 'logit__l1_ratio': 0.9}",0.0,0.0,0.0,0.0,0.0,0.0,0.0,285
10,2.6740572929382322,0.8553838299953407,0.017686223983764647,0.0026703833520448613,0.001,,1.0,"{'logit__C': 0.001, 'logit__class_weight': None, 'logit__l1_ratio': 1.0}",0.0,0.0,0.0,0.0,0.0,0.0,0.0,285
11,12.303109264373779,0.24542904032318896,0.018653154373168945,0.003071977445150017,0.001,balanced,0.0,"{'logit__C': 0.001, 'logit__class_weight': 'balanced', 'logit__l1_ratio': 0.0}",0.9376854599406528,0.9508196721311475,0.9385307346326837,0.9497041420118343,0.9446935724962631,0.9442867162425163,0.005457132134660269,42
12,6.403356122970581,0.23885641641329572,0.0169344425201416,0.003911544770890923,0.001,balanced,0.1,"{'logit__C': 0.001, 'logit__class_weight': 'balanced', 'logit__l1_ratio': 0.1}",0.9361069836552749,0.9393939393939394,0.9307228915662651,0.9501466275659824,0.9216867469879518,0.9356114378338827,0.009419336749755345,267
13,5.534689140319824,0.2173770249198495,0.019803762435913086,0.0039766976996908265,0.001,balanced,0.2,"{'logit__C': 0.001, 'logit__class_weight': 'balanced', 'logit__l1_ratio': 0.2}",0.9112781954887218,0.9235474006116208,0.9162861491628614,0.9397944199706314,0.9003021148036254,0.9182416560074922,0.013166726915039567,268
14,5.165124225616455,0.1973415457431365,0.015747976303100587,0.002766573068901701,0.001,balanced,0.3,"{'logit__C': 0.001, 'logit__class_weight': 'balanced', 'logit__l1_ratio': 0.3}",0.9017857142857143,0.9113149847094801,0.8981481481481481,0.9085457271364318,0.8919330289193302,0.9023455206398209,0.007003501254583449,270
15,4.940610074996949,0.12697905310492327,0.023123836517333983,0.0060321467450864695,0.001,balanced,0.4,"{'logit__C': 0.001, 'logit__class_weight': 'balanced', 'logit__l1_ratio': 0.4}",0.8744460856720827,0.8869047619047619,0.88,0.8865671641791045,0.8698315467075038,0.8795499116926905,0.006693786546020151,271
16,4.768693208694458,0.13861248952789015,0.022665739059448242,0.009812304198129366,0.001,balanced,0.5,"{'logit__C': 0.001, 'logit__class_weight': 'balanced', 'logit__l1_ratio': 0.5}",0.86,0.8600583090379009,0.8606060606060606,0.8672566371681416,0.8678678678678678,0.8631577749359941,0.003607634251041406,273
17,4.556732416152954,0.07534188187874921,0.018626689910888672,0.005995687830191543,0.001,balanced,0.6,"{'logit__C': 0.001, 'logit__class_weight': 'balanced', 'logit__l1_ratio': 0.6}",0.8344923504867872,0.8307692307692308,0.8319088319088319,0.8316831683168316,0.825531914893617,0.8308770992750597,0.0029450600176485157,275
18,4.938019466400147,0.2818734411642253,0.02020735740661621,0.004430296911949611,0.001,balanced,0.7,"{'logit__C': 0.001, 'logit__class_weight': 'balanced', 'logit__l1_ratio': 0.7}",0.8133704735376045,0.8179271708683473,0.812051649928264,0.8203677510608204,0.8074712643678161,0.8142376619525704,0.004527808942681091,276
19,3.928091287612915,0.32677018949767656,0.0149505615234375,0.001524098224532135,0.001,balanced,0.8,"{'logit__C': 0.001, 'logit__class_weight': 'balanced', 'logit__l1_ratio': 0.8}",0.8022130013831259,0.7811158798283262,0.7635829662261381,0.7896995708154506,0.7878787878787878,0.7848980412263658,0.012652150404868933,277
20,4.487886953353882,0.10226958471636995,0.01727137565612793,0.0012487333221592243,0.001,balanced,0.9,"{'logit__C': 0.001, 'logit__class_weight': 'balanced', 'logit__l1_ratio': 0.9}",0.7785817655571635,0.7300150829562594,0.6803149606299213,0.7567567567567568,0.7382753403933434,0.736788781258689,0.032810848343885805,279
21,6.081306219100952,0.03705460915884445,0.017180204391479492,0.0014705746012793903,0.001,balanced,1.0,"{'logit__C': 0.001, 'logit__class_weight': 'balanced', 'logit__l1_ratio': 1.0}",0.7425149700598802,0.7181818181818181,0.6793048973143759,0.707740916271722,0.7012195121951219,0.7097924228045837,0.020728433320243676,281
22,14.124598741531372,0.22348791767163023,0.04058408737182617,0.007696467302132518,0.101,,0.0,"{'logit__C': 0.101, 'logit__class_weight': None, 'logit__l1_ratio': 0.0}",0.9372262773722628,0.9484536082474226,0.9237668161434978,0.9472140762463344,0.9351032448377581,0.938352804569455,0.009001423565307292,265
23,27.853628206253052,0.28770512512824115,0.04130234718322754,0.007951025158114959,0.101,,0.1,"{'logit__C': 0.101, 'logit__class_weight': None, 'logit__l1_ratio': 0.1}",0.9401459854014599,0.9543446244477173,0.9331352154531947,0.9487554904831625,0.9378698224852071,0.9428502276541483,0.007661489549695484,124
24,24.709831762313843,0.2358652811586303,0.036817169189453124,0.01157483271190675,0.101,,0.2,"{'logit__C': 0.101, 'logit__class_weight': None, 'logit__l1_ratio': 0.2}",0.9329446064139941,0.950965824665676,0.9390787518573551,0.9560117302052786,0.9392592592592592,0.9436520344803127,0.008498399957365996,80
25,23.543743276596068,0.19966297802291555,0.03484158515930176,0.008863951678235853,0.101,,0.3,"{'logit__C': 0.101, 'logit__class_weight': None, 'logit__l1_ratio': 0.3}",0.9284671532846716,0.9512555391432792,0.9390787518573551,0.9530791788856305,0.9361069836552749,0.9415975213652423,0.009316678989061201,197
26,22.804082727432252,0.29879260564570526,0.04119329452514649,0.011627409702421317,0.101,,0.4,"{'logit__C': 0.101, 'logit__class_weight': None, 'logit__l1_ratio': 0.4}",0.9294117647058824,0.9479940564635958,0.9392592592592592,0.9501466275659824,0.9311377245508982,0.9395898865091237,0.00845242419609029,257
27,22.29939513206482,0.3680806667516102,0.03849039077758789,0.017601542546392814,0.101,,0.5,"{'logit__C': 0.101, 'logit__class_weight': None, 'logit__l1_ratio': 0.5}",0.9309838472834068,0.9465875370919882,0.9392592592592592,0.9502923976608187,0.9327354260089686,0.9399716934608883,0.007535765789500875,252
28,21.726396131515504,0.3041969120134121,0.03017563819885254,0.010802908431230844,0.101,,0.6,"{'logit__C': 0.101, 'logit__class_weight': None, 'logit__l1_ratio': 0.6}",0.9309838472834068,0.9434523809523809,0.9408284023668639,0.9487554904831625,0.9311377245508982,0.9390315691273425,0.006991501162005793,262
29,21.09162664413452,0.3441446776219146,0.02949676513671875,0.007507573373842544,0.101,,0.7,"{'logit__C': 0.101, 'logit__class_weight': None, 'logit__l1_ratio': 0.7}",0.9309838472834068,0.9464285714285714,0.9392592592592592,0.9501466275659824,0.9281437125748503,0.9389924036224141,0.008504299941042359,263
30,20.857170581817627,0.11144499587148328,0.027569580078125,0.005761241429382208,0.101,,0.8,"{'logit__C': 0.101, 'logit__class_weight': None, 'logit__l1_ratio': 0.8}",0.930780559646539,0.9495548961424333,0.9406528189910979,0.9515418502202643,0.9295352323838081,0.9404130714768286,0.009149784925362076,245
31,21.072002696990968,0.0878457456171034,0.03034491539001465,0.010089145254352063,0.101,,0.9,"{'logit__C': 0.101, 'logit__class_weight': None, 'logit__l1_ratio': 0.9}",0.9323529411764706,0.9495548961424333,0.9390787518573551,0.9546120058565154,0.9295352323838081,0.9410267654833164,0.009678564838927517,221
32,20.97489466667175,0.2277415704766329,0.03760437965393067,0.0037681002419612847,0.101,,1.0,"{'logit__C': 0.101, 'logit__class_weight': None, 'logit__l1_ratio': 1.0}",0.930780559646539,0.9512555391432792,0.9375,0.9530791788856305,0.9233082706766917,0.9391847096704282,0.01152640879332639,260
33,15.123775005340576,0.10399583615064294,0.04322342872619629,0.017594309456636672,0.101,balanced,0.0,"{'logit__C': 0.101, 'logit__class_weight': 'balanced', 'logit__l1_ratio': 0.0}",0.9387755102040817,0.9516837481698389,0.9364844903988183,0.9462989840348331,0.9401459854014599,0.9426777436418063,0.005553649446352778,129
34,30.260221767425538,0.3625121931477475,0.05481662750244141,0.019482908993214913,0.101,balanced,0.1,"{'logit__C': 0.101, 'logit__class_weight': 'balanced', 'logit__l1_ratio': 0.1}",0.9377713458755427,0.9572901325478645,0.9331352154531947,0.9533527696793003,0.9399707174231332,0.944304036195807,0.00934574263830226,39
35,26.88972411155701,0.2988306262903767,0.07958312034606933,0.03288397614498754,0.101,balanced,0.2,"{'logit__C': 0.101, 'logit__class_weight': 'balanced', 'logit__l1_ratio': 0.2}",0.9346879535558781,0.9486049926578561,0.9349112426035503,0.9547445255474453,0.9411764705882353,0.9428250369905931,0.0078363273869759,125
36,25.075527286529542,0.14896719920154722,0.06852517127990723,0.013736913737863158,0.101,balanced,0.3,"{'logit__C': 0.101, 'logit__class_weight': 'balanced', 'logit__l1_ratio': 0.3}",0.9333333333333333,0.9560117302052786,0.9410029498525073,0.9532163742690059,0.9378698224852071,0.9442868420290665,0.008822142474136733,41
37,24.272518157958984,0.35543114080516486,0.03979177474975586,0.013681694982700731,0.101,balanced,0.4,"{'logit__C': 0.101, 'logit__class_weight': 'balanced', 'logit__l1_ratio': 0.4}",0.9302325581395349,0.9529411764705882,0.9455081001472754,0.9518248175182482,0.9364844903988183,0.9433982285348931,0.008805242386123761,94
38,23.576524448394775,0.1611300743695562,0.04413738250732422,0.01386059194303918,0.101,balanced,0.5,"{'logit__C': 0.101, 'logit__class_weight': 'balanced', 'logit__l1_ratio': 0.5}",0.9288824383164006,0.95,0.943952802359882,0.9504373177842566,0.9303703703703704,0.9407285857661819,0.009362029774839527,236
39,23.467048597335815,0.15290437734982537,0.043332242965698244,0.009159426259641723,0.101,balanced,0.6,"{'logit__C': 0.101, 'logit__class_weight': 'balanced', 'logit__l1_ratio': 0.6}",0.9302325581395349,0.9504373177842566,0.9396170839469808,0.9534883720930233,0.9301634472511144,0.940787755842982,0.009798758116123496,234
40,22.707163763046264,0.377428320430065,0.04578385353088379,0.01058686782972624,0.101,balanced,0.7,"{'logit__C': 0.101, 'logit__class_weight': 'balanced', 'logit__l1_ratio': 0.7}",0.9315866084425036,0.9504373177842566,0.9396170839469808,0.956268221574344,0.9335302806499262,0.9422879024796021,0.009593843834592993,159
41,21.966804218292236,0.1551189839813788,0.0508918285369873,0.02287526859272485,0.101,balanced,0.8,"{'logit__C': 0.101, 'logit__class_weight': 'balanced', 'logit__l1_ratio': 0.8}",0.9329446064139941,0.9533527696793003,0.9396170839469808,0.956268221574344,0.930576070901034,0.9425517505031307,0.010479789894541828,146
42,21.807458066940306,0.2680530472994791,0.05573725700378418,0.020378722142047275,0.101,balanced,0.9,"{'logit__C': 0.101, 'logit__class_weight': 'balanced', 'logit__l1_ratio': 0.9}",0.9331395348837209,0.9548762736535662,0.9441176470588235,0.9577874818049491,0.9319526627218935,0.9443747200245907,0.010684454000928024,35
43,22.178645277023314,0.6755963909938826,0.04711227416992188,0.010292924101132571,0.101,balanced,1.0,"{'logit__C': 0.101, 'logit__class_weight': 'balanced', 'logit__l1_ratio': 1.0}",0.9346879535558781,0.9563953488372093,0.9425625920471281,0.9563953488372093,0.9303703703703704,0.9440823227295592,0.01078705348901676,57
44,16.61457848548889,0.13138367343549295,0.051240158081054685,0.010072801297572632,0.201,,0.0,"{'logit__C': 0.201, 'logit__class_weight': None, 'logit__l1_ratio': 0.0}",0.9385964912280702,0.9498525073746312,0.9301634472511144,0.9501466275659824,0.9366715758468336,0.9410861298533264,0.007796583565079736,220
45,31.49291949272156,0.589302042285222,0.07376008033752442,0.036823664317305646,0.201,,0.1,"{'logit__C': 0.201, 'logit__class_weight': None, 'logit__l1_ratio': 0.1}",0.9358600583090378,0.9544787077826725,0.9331352154531947,0.9530791788856305,0.9354838709677419,0.9424074062796555,0.009342159064331442,153
46,29.087761211395264,0.15320481708608386,0.033391809463500975,0.009581999803092585,0.201,,0.2,"{'logit__C': 0.201, 'logit__class_weight': None, 'logit__l1_ratio': 0.2}",0.9416909620991254,0.9528023598820059,0.9347181008902077,0.9501466275659824,0.9410029498525073,0.9440722000579657,0.0065681675128458124,59
47,27.5812707901001,0.2526231629089304,0.05101304054260254,0.012195150873484079,0.201,,0.3,"{'logit__C': 0.201, 'logit__class_weight': None, 'logit__l1_ratio': 0.3}",0.9372262773722628,0.9498525073746312,0.9347181008902077,0.9560117302052786,0.9394387001477105,0.9434494631980181,0.008122320812516735,91
48,26.340103721618654,0.23121993800423132,0.037037992477416994,0.011062286333423807,0.201,,0.4,"{'logit__C': 0.201, 'logit__class_weight': None, 'logit__l1_ratio': 0.4}",0.9331395348837209,0.9495548961424333,0.9345238095238095,0.9560117302052786,0.9361069836552749,0.9418673908821035,0.009191800921799827,181
49,25.32649278640747,0.246546192154468,0.03903970718383789,0.014053690117482184,0.201,,0.5,"{'logit__C': 0.201, 'logit__class_weight': None, 'logit__l1_ratio': 0.5}",0.9315866084425036,0.9498525073746312,0.9406528189910979,0.9546120058565154,0.9390787518573551,0.9431565385044207,0.0081587250026431,104
50,25.190475130081175,0.1661314803487543,0.07317061424255371,0.022609098218627444,0.201,,0.6,"{'logit__C': 0.201, 'logit__class_weight': None, 'logit__l1_ratio': 0.6}",0.9269005847953217,0.9540740740740741,0.9406528189910979,0.9530791788856305,0.9313432835820895,0.9412099880656427,0.011034343806948154,213
51,24.721224069595337,0.4181419559290163,0.058840608596801756,0.018501032757927215,0.201,,0.7,"{'logit__C': 0.201, 'logit__class_weight': None, 'logit__l1_ratio': 0.7}",0.9294117647058824,0.9526627218934911,0.9376854599406528,0.9516837481698389,0.9359165424739195,0.941472047436757,0.00916692234574968,202
52,24.314928579330445,0.06763110211282389,0.0521033763885498,0.016313444638498216,0.201,,0.8,"{'logit__C': 0.201, 'logit__class_weight': None, 'logit__l1_ratio': 0.8}",0.9280469897209985,0.9478390461997019,0.9392592592592592,0.9516837481698389,0.9357249626307922,0.9405108011961183,0.00846587412368656,243
53,23.613016605377197,0.11035758932528182,0.04964027404785156,0.01706161484910546,0.201,,0.9,"{'logit__C': 0.201, 'logit__class_weight': None, 'logit__l1_ratio': 0.9}",0.9292035398230089,0.9479940564635958,0.9376854599406528,0.9502923976608187,0.9329359165424739,0.93962227408611,0.008257686445440247,255
54,23.33540415763855,0.47324338319292336,0.03605461120605469,0.008594567407555227,0.201,,1.0,"{'logit__C': 0.201, 'logit__class_weight': None, 'logit__l1_ratio': 1.0}",0.933920704845815,0.9420505200594353,0.9408284023668639,0.9516837481698389,0.9327354260089686,0.9402437602901845,0.006794639412644342,249
55,15.838896560668946,0.2644816778216117,0.06293783187866211,0.014016544742468396,0.201,balanced,0.0,"{'logit__C': 0.201, 'logit__class_weight': 'balanced', 'logit__l1_ratio': 0.0}",0.9344978165938864,0.9513991163475699,0.9349112426035503,0.9504373177842566,0.9399707174231332,0.9422432421504793,0.0073469328409929025,161
56,31.94714512825012,0.21664140015795638,0.05470333099365234,0.018445153409065367,0.201,balanced,0.1,"{'logit__C': 0.201, 'logit__class_weight': 'balanced', 'logit__l1_ratio': 0.1}",0.9391304347826087,0.9518248175182482,0.9347181008902077,0.948905109489051,0.9341142020497804,0.9417385329459792,0.007311798953947142,187
57,30.281728172302245,0.7007567596154924,0.04030098915100098,0.010019933479665219,0.201,balanced,0.2,"{'logit__C': 0.201, 'logit__class_weight': 'balanced', 'logit__l1_ratio': 0.2}",0.9418604651162791,0.9574155653450808,0.9331352154531947,0.948905109489051,0.9370424597364568,0.9436717630280125,0.008654794213206873,78
58,29.633767461776735,0.26373407231225227,0.05628337860107422,0.013284237574662561,0.201,balanced,0.3,"{'logit__C': 0.201, 'logit__class_weight': 'balanced', 'logit__l1_ratio': 0.3}",0.9377713458755427,0.9530791788856305,0.9319526627218935,0.956140350877193,0.9399707174231332,0.9437828511566787,0.009270959242027513,72
59,26.75118179321289,0.7114178121515703,0.03915901184082031,0.004707566111554845,0.201,balanced,0.4,"{'logit__C': 0.201, 'logit__class_weight': 'balanced', 'logit__l1_ratio': 0.4}",0.936231884057971,0.9501466275659824,0.9411764705882353,0.9532163742690059,0.9427312775330396,0.944700526802847,0.006167568344490886,19
60,25.227166414260864,0.16385774797920769,0.03218650817871094,0.007652678316333942,0.201,balanced,0.5,"{'logit__C': 0.201, 'logit__class_weight': 'balanced', 'logit__l1_ratio': 0.5}",0.9346879535558781,0.9515418502202643,0.9396170839469808,0.9547445255474453,0.9364844903988183,0.9434151807338773,0.008161143458918167,93
61,25.359735631942748,0.2459394812104261,0.09191012382507324,0.03428090309454049,0.201,balanced,0.6,"{'logit__C': 0.201, 'logit__class_weight': 'balanced', 'logit__l1_ratio': 0.6}",0.9317851959361393,0.9516837481698389,0.9396170839469808,0.9516837481698389,0.9396170839469808,0.9428773720339558,0.0077382148936097255,122
62,24.99459300041199,0.21914621342915794,0.08799657821655274,0.039504004925001134,0.201,balanced,0.7,"{'logit__C': 0.201, 'logit__class_weight': 'balanced', 'logit__l1_ratio': 0.7}",0.9317851959361393,0.9530791788856305,0.9425625920471281,0.9532163742690059,0.9364844903988183,0.9434255663073443,0.00864261115721776,92
63,24.412293577194212,0.23337158106396488,0.1142970085144043,0.07602159171228905,0.201,balanced,0.8,"{'logit__C': 0.201, 'logit__class_weight': 'balanced', 'logit__l1_ratio': 0.8}",0.9331395348837209,0.9560117302052786,0.943952802359882,0.9518248175182482,0.9333333333333333,0.9436524436600926,0.009344893392737693,79
64,23.59914689064026,0.12482851888369766,0.045147943496704104,0.024571060262534007,0.201,balanced,0.9,"{'logit__C': 0.201, 'logit__class_weight': 'balanced', 'logit__l1_ratio': 0.9}",0.9331395348837209,0.9515418502202643,0.9425625920471281,0.948905109489051,0.9319526627218935,0.9416203498724116,0.007972203081371795,195
65,23.06195225715637,0.3149804826938777,0.04930171966552734,0.03132199965622787,0.201,balanced,1.0,"{'logit__C': 0.201, 'logit__class_weight': 'balanced', 'logit__l1_ratio': 1.0}",0.9317851959361393,0.9473684210526315,0.9410029498525073,0.9504373177842566,0.9289940828402367,0.9399175934931543,0.008400195282473011,253
66,15.377416229248047,0.08059705200165034,0.07469344139099121,0.025497473374579974,0.301,,0.0,"{'logit__C': 0.301, 'logit__class_weight': None, 'logit__l1_ratio': 0.0}",0.935672514619883,0.9469026548672567,0.9349112426035503,0.9473684210526315,0.9397944199706314,0.9409298506227906,0.005334454176864373,228
67,29.819984865188598,0.30009350388698636,0.04332256317138672,0.02134200193635978,0.301,,0.1,"{'logit__C': 0.301, 'logit__class_weight': None, 'logit__l1_ratio': 0.1}",0.9372262773722628,0.9542097488921714,0.9331352154531947,0.948905109489051,0.9396170839469808,0.942618687030732,0.007770402287645945,136
68,29.45602970123291,0.353117926288327,0.0537867546081543,0.03477123783656807,0.301,,0.2,"{'logit__C': 0.301, 'logit__class_weight': None, 'logit__l1_ratio': 0.2}",0.9387755102040817,0.9528023598820059,0.9347181008902077,0.9473684210526315,0.9394387001477105,0.9426206184353273,0.006535575467085976,134
69,27.746696758270264,0.3115112501477169,0.07982916831970215,0.008179915587371035,0.301,,0.3,"{'logit__C': 0.301, 'logit__class_weight': None, 'logit__l1_ratio': 0.3}",0.936046511627907,0.95,0.9331352154531947,0.9516837481698389,0.9380530973451328,0.9417837145192147,0.007578226058858217,184
70,27.172453260421754,0.18269713492581324,0.0406613826751709,0.012956695951262634,0.301,,0.4,"{'logit__C': 0.301, 'logit__class_weight': None, 'logit__l1_ratio': 0.4}",0.9387755102040817,0.9497041420118343,0.9315476190476191,0.9532163742690059,0.9408284023668639,0.9428144095798808,0.007782888719409577,126
71,26.104678773880003,0.26271449677131137,0.06718440055847168,0.036523222055380354,0.301,,0.5,"{'logit__C': 0.301, 'logit__class_weight': None, 'logit__l1_ratio': 0.5}",0.9331395348837209,0.948301329394387,0.9361069836552749,0.960352422907489,0.9329359165424739,0.9421672374766692,0.010693656339015901,163
72,25.240703058242797,0.19979595106103126,0.05089921951293945,0.01446044706586162,0.301,,0.6,"{'logit__C': 0.301, 'logit__class_weight': None, 'logit__l1_ratio': 0.6}",0.9329446064139941,0.9511111111111111,0.9378698224852071,0.9530791788856305,0.9392592592592592,0.9428527956310404,0.007857409593833572,123
73,25.33136920928955,1.1999922979842383,0.07838788032531738,0.04521376851851403,0.301,,0.7,"{'logit__C': 0.301, 'logit__class_weight': None, 'logit__l1_ratio': 0.7}",0.9329446064139941,0.9528023598820059,0.9406528189910979,0.9560117302052786,0.9390787518573551,0.9442980534699463,0.008705895175010497,40
74,26.50171866416931,0.3782491250129889,0.12205333709716797,0.0392130141352354,0.301,,0.8,"{'logit__C': 0.301, 'logit__class_weight': None, 'logit__l1_ratio': 0.8}",0.9253294289897511,0.9497041420118343,0.9376854599406528,0.9560117302052786,0.9390787518573551,0.9415619026009743,0.010580922693898022,200
75,28.1463933467865,0.1762957877619497,0.09698963165283203,0.04328014196997478,0.301,,0.9,"{'logit__C': 0.301, 'logit__class_weight': None, 'logit__l1_ratio': 0.9}",0.9269005847953217,0.9540740740740741,0.9376854599406528,0.9530791788856305,0.9361069836552749,0.9415692562701908,0.010477967415566437,199
76,27.466315174102782,0.46926039392086094,0.07379522323608398,0.030010378574232794,0.301,,1.0,"{'logit__C': 0.301, 'logit__class_weight': None, 'logit__l1_ratio': 1.0}",0.9296187683284457,0.9481481481481482,0.9376854599406528,0.9516837481698389,0.9376854599406528,0.9409643169055478,0.00795910694060443,226
77,17.10055341720581,0.1720468941454555,0.10711121559143066,0.028261781769178304,0.301,balanced,0.0,"{'logit__C': 0.301, 'logit__class_weight': 'balanced', 'logit__l1_ratio': 0.0}",0.9375907111756169,0.9501466275659824,0.9317507418397626,0.9461426491994177,0.9343065693430657,0.9399874598247691,0.007027880040933376,250
78,31.538721799850464,0.7206741328394803,0.09067683219909668,0.036253053207093835,0.301,balanced,0.1,"{'logit__C': 0.301, 'logit__class_weight': 'balanced', 'logit__l1_ratio': 0.1}",0.936231884057971,0.9544787077826725,0.9362962962962963,0.9518248175182482,0.9416909620991254,0.9441045335508627,0.007694137791113245,53
79,31.997161149978638,1.5679397276037204,0.08066620826721191,0.04781329067713473,0.301,balanced,0.2,"{'logit__C': 0.301, 'logit__class_weight': 'balanced', 'logit__l1_ratio': 0.2}",0.9403202328966521,0.9589442815249267,0.9331352154531947,0.9504373177842566,0.9387755102040817,0.9443225115726224,0.009199239803271041,37
80,33.354330730438235,0.20011130737727886,0.0845982551574707,0.01740115344500822,0.301,balanced,0.3,"{'logit__C': 0.301, 'logit__class_weight': 'balanced', 'logit__l1_ratio': 0.3}",0.9377713458755427,0.9560117302052786,0.9378698224852071,0.9519650655021834,0.9427312775330396,0.9452698483202502,0.007451794716166358,8
81,30.642197465896608,1.4400604429673,0.05054659843444824,0.015754043044561464,0.301,balanced,0.4,"{'logit__C': 0.301, 'logit__class_weight': 'balanced', 'logit__l1_ratio': 0.4}",0.936231884057971,0.9560117302052786,0.9394387001477105,0.9548762736535662,0.9428989751098097,0.9458915126348671,0.008087610627527398,3
82,27.666532516479492,0.3493906312030421,0.04733829498291016,0.017819751002568843,0.301,balanced,0.5,"{'logit__C': 0.301, 'logit__class_weight': 'balanced', 'logit__l1_ratio': 0.5}",0.938953488372093,0.9501466275659824,0.9396170839469808,0.9533527696793003,0.9384164222873901,0.9440972783703494,0.006341318293752683,56
83,26.699030494689943,0.20068854557769333,0.07614698410034179,0.014610933766043542,0.301,balanced,0.6,"{'logit__C': 0.301, 'logit__class_weight': 'balanced', 'logit__l1_ratio': 0.6}",0.9346879535558781,0.9530791788856305,0.9396170839469808,0.9533527696793003,0.9384164222873901,0.943830681671036,0.007834065976321018,67
84,26.290871095657348,0.40679954677893054,0.04894423484802246,0.012987109373108143,0.301,balanced,0.7,"{'logit__C': 0.301, 'logit__class_weight': 'balanced', 'logit__l1_ratio': 0.7}",0.9317851959361393,0.9501466275659824,0.9380530973451328,0.9532163742690059,0.9425625920471281,0.9431527774326778,0.007820062478476013,105
85,25.18987340927124,0.18197492919865568,0.028644609451293945,0.01069964869429374,0.301,balanced,0.8,"{'logit__C': 0.301, 'logit__class_weight': 'balanced', 'logit__l1_ratio': 0.8}",0.9333333333333333,0.9530791788856305,0.9408284023668639,0.9532163742690059,0.9422222222222222,0.9445359022154112,0.007654206570673565,27
86,25.98760781288147,0.2908209617183236,0.0606438159942627,0.02164046156255504,0.301,balanced,0.9,"{'logit__C': 0.301, 'logit__class_weight': 'balanced', 'logit__l1_ratio': 0.9}",0.9333333333333333,0.9530791788856305,0.9396170839469808,0.9516837481698389,0.9396170839469808,0.9434660856565529,0.00764517935142784,88
87,26.152131032943725,0.5819206496358621,0.048958539962768555,0.020813622479319234,0.301,balanced,1.0,"{'logit__C': 0.301, 'logit__class_weight': 'balanced', 'logit__l1_ratio': 1.0}",0.9317851959361393,0.9546120058565154,0.9410029498525073,0.9532163742690059,0.9380530973451328,0.9437339246518601,0.008840267434893953,75
88,16.627265405654907,0.10462319852570866,0.05525040626525879,0.01773897536683657,0.401,,0.0,"{'logit__C': 0.401, 'logit__class_weight': None, 'logit__l1_ratio': 0.0}",0.9385964912280702,0.9542097488921714,0.9361069836552749,0.9475218658892128,0.9397944199706314,0.9432459019270721,0.006678079210591494,99
89,30.565146827697752,0.28550042366694467,0.06125140190124512,0.023107832836470863,0.401,,0.1,"{'logit__C': 0.401, 'logit__class_weight': None, 'logit__l1_ratio': 0.1}",0.9385964912280702,0.9542097488921714,0.9301634472511144,0.9442815249266863,0.9368575624082232,0.940821754941253,0.008068141474115782,231
90,35.68908801078796,3.3351042001681352,0.05584840774536133,0.020563063481993955,0.401,,0.2,"{'logit__C': 0.401, 'logit__class_weight': None, 'logit__l1_ratio': 0.2}",0.9372262773722628,0.9574155653450808,0.9299552906110283,0.9516837481698389,0.9370424597364568,0.9426646682469336,0.010214170270647626,130
91,37.95274987220764,0.18882522686409275,0.04432368278503418,0.013515788327334261,0.401,,0.3,"{'logit__C': 0.401, 'logit__class_weight': None, 'logit__l1_ratio': 0.3}",0.9401459854014599,0.9543446244477173,0.9283582089552239,0.9487554904831625,0.9396170839469808,0.942244278646909,0.008865011743853133,160
92,30.42802748680115,2.581237933030516,0.03361420631408692,0.003994648024035241,0.401,,0.4,"{'logit__C': 0.401, 'logit__class_weight': None, 'logit__l1_ratio': 0.4}",0.9374090247452693,0.9513991163475699,0.9299552906110283,0.9501466275659824,0.9351032448377581,0.9408026608215216,0.00850011921204199,233
93,28.462021398544312,0.5441994201405581,0.04135527610778809,0.00453138972286701,0.401,,0.5,"{'logit__C': 0.401, 'logit__class_weight': None, 'logit__l1_ratio': 0.5}",0.935672514619883,0.9543446244477173,0.9392592592592592,0.9515418502202643,0.9423929098966026,0.9446422316887453,0.007158670632547455,23
94,28.91793088912964,0.39628739620224895,0.06012978553771973,0.02138503188829412,0.401,,0.6,"{'logit__C': 0.401, 'logit__class_weight': None, 'logit__l1_ratio': 0.6}",0.9374090247452693,0.9528023598820059,0.9362962962962963,0.9547445255474453,0.9380530973451328,0.9438610607632298,0.008136135506785479,65
95,28.44241871833801,0.44628235040265096,0.05068788528442383,0.016776531068907048,0.401,,0.7,"{'logit__C': 0.401, 'logit__class_weight': None, 'logit__l1_ratio': 0.7}",0.9344978165938864,0.9526627218934911,0.9376854599406528,0.9589442815249267,0.9347181008902077,0.943701676168633,0.010141477920769864,76
96,28.439239501953125,0.17497549796345063,0.07799701690673828,0.06096282727689687,0.401,,0.8,"{'logit__C': 0.401, 'logit__class_weight': None, 'logit__l1_ratio': 0.8}",0.935672514619883,0.9526627218934911,0.9347181008902077,0.9546120058565154,0.9392592592592592,0.9433849205038711,0.008529256609825299,95
97,27.460195589065552,0.20975568509705195,0.04241533279418945,0.01107201255924351,0.401,,0.9,"{'logit__C': 0.401, 'logit__class_weight': None, 'logit__l1_ratio': 0.9}",0.9344978165938864,0.9497041420118343,0.9362962962962963,0.9530791788856305,0.9361069836552749,0.9419368834885844,0.007818244353894957,178
98,26.79526448249817,0.4704704064969866,0.06708197593688965,0.04696744735913669,0.401,,1.0,"{'logit__C': 0.401, 'logit__class_weight': None, 'logit__l1_ratio': 1.0}",0.9325513196480938,0.9481481481481482,0.9376854599406528,0.9516837481698389,0.9362962962962963,0.941272994440606,0.007339714859684147,211
99,16.99464268684387,0.14507947925867049,0.05167431831359863,0.011159829603793532,0.401,balanced,0.0,"{'logit__C': 0.401, 'logit__class_weight': 'balanced', 'logit__l1_ratio': 0.0}",0.9391304347826087,0.9504373177842566,0.9335302806499262,0.9461426491994177,0.9387755102040817,0.9416032385240583,0.0059654113066555416,196
100,38.08745212554932,3.0197969587347355,0.07810273170471191,0.02072413074235197,0.401,balanced,0.1,"{'logit__C': 0.401, 'logit__class_weight': 'balanced', 'logit__l1_ratio': 0.1}",0.9374090247452693,0.9530791788856305,0.9349112426035503,0.9461426491994177,0.9430656934306569,0.942921557772905,0.0064517693887591035,116
101,50.45001916885376,7.007247807181373,0.4092813491821289,0.3460566134835232,0.401,balanced,0.2,"{'logit__C': 0.401, 'logit__class_weight': 'balanced', 'logit__l1_ratio': 0.2}",0.9393063583815029,0.9544787077826725,0.9351032448377581,0.9502923976608187,0.9385964912280702,0.9435554399781644,0.0074671259284886235,81
102,56.49669623374939,0.8809425333695273,0.2702519416809082,0.07758836975759925,0.401,balanced,0.3,"{'logit__C': 0.401, 'logit__class_weight': 'balanced', 'logit__l1_ratio': 0.3}",0.9393063583815029,0.9575402635431918,0.9362962962962963,0.9504373177842566,0.9358600583090378,0.9438880588628571,0.008629613156025938,64
103,41.05238666534424,5.023344119452642,0.1646638870239258,0.07092859381672151,0.401,balanced,0.4,"{'logit__C': 0.401, 'logit__class_weight': 'balanced', 'logit__l1_ratio': 0.4}",0.9391304347826087,0.9547445255474453,0.9394387001477105,0.9518248175182482,0.9370424597364568,0.9444361875464938,0.007330031225346235,29
104,32.63154196739197,2.038032995689764,0.05629682540893555,0.020691822637369933,0.401,balanced,0.5,"{'logit__C': 0.401, 'logit__class_weight': 'balanced', 'logit__l1_ratio': 0.5}",0.9374090247452693,0.9560117302052786,0.9378698224852071,0.9519650655021834,0.9401459854014599,0.9446803256678798,0.007762514742062655,21
105,28.585106086730956,0.24986683314362873,0.08817634582519532,0.04360420168369623,0.401,balanced,0.6,"{'logit__C': 0.401, 'logit__class_weight': 'balanced', 'logit__l1_ratio': 0.6}",0.9375907111756169,0.9516837481698389,0.9425625920471281,0.9519650655021834,0.9401459854014599,0.9447896204592455,0.005955892971274456,15
106,28.09265375137329,0.23972623382237745,0.04857158660888672,0.010127316889768345,0.401,balanced,0.7,"{'logit__C': 0.401, 'logit__class_weight': 'balanced', 'logit__l1_ratio': 0.7}",0.9346879535558781,0.9502923976608187,0.9442815249266863,0.9533527696793003,0.9382352941176471,0.9441699879880661,0.007027793232407253,48
107,27.05903296470642,0.20020933330295243,0.051336669921875,0.015049899980772701,0.401,balanced,0.8,"{'logit__C': 0.401, 'logit__class_weight': 'balanced', 'logit__l1_ratio': 0.8}",0.936231884057971,0.956140350877193,0.9366715758468336,0.956140350877193,0.9411764705882353,0.9452721264494851,0.009041089033097064,7
108,32.98159017562866,0.2130837048446904,0.07214970588684082,0.0687783855056403,0.401,balanced,0.9,"{'logit__C': 0.401, 'logit__class_weight': 'balanced', 'logit__l1_ratio': 0.9}",0.9333333333333333,0.9530791788856305,0.9382352941176471,0.9532163742690059,0.9380530973451328,0.9431834555901499,0.008323636019332711,101
109,31.146386051177977,2.2622051806567636,0.05920095443725586,0.014035388327932448,0.401,balanced,1.0,"{'logit__C': 0.401, 'logit__class_weight': 'balanced', 'logit__l1_ratio': 1.0}",0.9333333333333333,0.9530791788856305,0.9411764705882353,0.9532163742690059,0.9366715758468336,0.9434953865846077,0.00826505616549935,86
110,16.560450410842897,0.10482235818463627,0.05104045867919922,0.01890468922656253,0.501,,0.0,"{'logit__C': 0.501, 'logit__class_weight': None, 'logit__l1_ratio': 0.0}",0.938953488372093,0.9558823529411765,0.9315476190476191,0.9486049926578561,0.9368575624082232,0.9423692030853935,0.008725162023256563,154
111,31.0696533203125,0.8446283543907329,0.1112785816192627,0.04540325733811745,0.501,,0.1,"{'logit__C': 0.501, 'logit__class_weight': None, 'logit__l1_ratio': 0.1}",0.9385964912280702,0.9558823529411765,0.9301634472511144,0.9430656934306569,0.933920704845815,0.9403257379393667,0.008908451285822315,246
112,35.496959590911864,0.8384551085289713,0.06254615783691406,0.02011291431178923,0.501,,0.2,"{'logit__C': 0.501, 'logit__class_weight': None, 'logit__l1_ratio': 0.2}",0.9372262773722628,0.9558823529411765,0.9331352154531947,0.9470588235294117,0.9397944199706314,0.9426194178533356,0.008032813235147034,135
113,33.03933048248291,0.6334040589048672,0.09792127609252929,0.03713952969714049,0.501,,0.3,"{'logit__C': 0.501, 'logit__class_weight': None, 'logit__l1_ratio': 0.3}",0.9401459854014599,0.9572901325478645,0.9347181008902077,0.9502923976608187,0.9366715758468336,0.9438236384694368,0.008611379154272673,68
114,36.5314661026001,2.7831669667852106,0.12077565193176269,0.030317072705974914,0.501,,0.4,"{'logit__C': 0.501, 'logit__class_weight': None, 'logit__l1_ratio': 0.4}",0.9387755102040817,0.9585798816568047,0.9331352154531947,0.9502923976608187,0.9394387001477105,0.944044341024522,0.009146602429696848,61
115,36.425842142105104,1.5931281571404006,0.09256706237792969,0.04899265816999017,0.501,,0.5,"{'logit__C': 0.501, 'logit__class_weight': None, 'logit__l1_ratio': 0.5}",0.936046511627907,0.9513991163475699,0.9331352154531947,0.9530791788856305,0.9408284023668639,0.9428976849362332,0.008030734356746623,120
116,31.49880986213684,3.677424793836026,0.08834857940673828,0.058896772870658726,0.501,,0.6,"{'logit__C': 0.501, 'logit__class_weight': None, 'logit__l1_ratio': 0.6}",0.9372262773722628,0.9498525073746312,0.9361069836552749,0.9547445255474453,0.9351032448377581,0.9426067077574745,0.00809105225686872,138
117,40.36179170608521,8.64904612371367,0.179941987991333,0.06175420770184021,0.501,,0.7,"{'logit__C': 0.501, 'logit__class_weight': None, 'logit__l1_ratio': 0.7}",0.9403202328966521,0.9511111111111111,0.9347181008902077,0.9532163742690059,0.9410029498525073,0.9440737538038968,0.006987974018109191,58
118,46.75745267868042,0.9131349692461234,0.17975335121154784,0.08112666181668722,0.501,,0.8,"{'logit__C': 0.501, 'logit__class_weight': None, 'logit__l1_ratio': 0.8}",0.9387755102040817,0.957037037037037,0.9345238095238095,0.9574155653450808,0.9396170839469808,0.945473801211398,0.00975074059624321,6
119,29.567800045013428,0.943617965488177,0.08413758277893066,0.022527556668652308,0.501,,0.9,"{'logit__C': 0.501, 'logit__class_weight': None, 'logit__l1_ratio': 0.9}",0.9313868613138686,0.948301329394387,0.9347181008902077,0.9575402635431918,0.9301634472511144,0.940422000478554,0.010719373853667055,244
120,28.085035848617554,0.2020108630551773,0.0357872486114502,0.0031994685831079795,0.501,,1.0,"{'logit__C': 0.501, 'logit__class_weight': None, 'logit__l1_ratio': 1.0}",0.9344978165938864,0.9528023598820059,0.9406528189910979,0.9575402635431918,0.9375,0.9445986518020364,0.008975226644500999,26
121,16.560732889175416,0.19233947869645934,0.032260465621948245,0.005294829485398496,0.501,balanced,0.0,"{'logit__C': 0.501, 'logit__class_weight': 'balanced', 'logit__l1_ratio': 0.0}",0.9377713458755427,0.9533527696793003,0.9333333333333333,0.9475218658892128,0.9374090247452693,0.9418776679045318,0.00739420363780622,180
122,32.955369329452516,0.5259576122390581,0.06688094139099121,0.018609475392370043,0.501,balanced,0.1,"{'logit__C': 0.501, 'logit__class_weight': 'balanced', 'logit__l1_ratio': 0.1}",0.9374090247452693,0.9532163742690059,0.9349112426035503,0.9461426491994177,0.9385964912280702,0.9420551564090627,0.006721083099626459,171
123,39.97268376350403,1.092664240960359,0.06617631912231445,0.026874358093556098,0.501,balanced,0.2,"{'logit__C': 0.501, 'logit__class_weight': 'balanced', 'logit__l1_ratio': 0.2}",0.938953488372093,0.956140350877193,0.9349112426035503,0.9490538573508006,0.9374090247452693,0.9432935927897812,0.008024316584494252,96
124,39.13963980674744,1.2103713301838839,0.07302846908569335,0.028234616553857308,0.501,balanced,0.3,"{'logit__C': 0.501, 'logit__class_weight': 'balanced', 'logit__l1_ratio': 0.3}",0.938953488372093,0.9547445255474453,0.9315476190476191,0.9504373177842566,0.9372262773722628,0.9425818456247355,0.00863991284176104,142
125,35.228033447265624,0.7208463411621893,0.07264556884765624,0.021492325945431094,0.501,balanced,0.4,"{'logit__C': 0.501, 'logit__class_weight': 'balanced', 'logit__l1_ratio': 0.4}",0.9404934687953556,0.9518248175182482,0.9347181008902077,0.9475218658892128,0.9372262773722628,0.9423569060930574,0.006394767407988396,155
126,34.78185338973999,0.6184358976843485,0.0776212215423584,0.028827123340982697,0.501,balanced,0.5,"{'logit__C': 0.501, 'logit__class_weight': 'balanced', 'logit__l1_ratio': 0.5}",0.9346879535558781,0.9548762736535662,0.9347181008902077,0.9518248175182482,0.9368575624082232,0.9425929416052246,0.008871350584481236,140
127,32.721292448043826,0.4885008740993421,0.059030008316040036,0.018201824461752628,0.501,balanced,0.6,"{'logit__C': 0.501, 'logit__class_weight': 'balanced', 'logit__l1_ratio': 0.6}",0.9344978165938864,0.9547445255474453,0.9394387001477105,0.9519650655021834,0.9343065693430657,0.9429905354268582,0.008704614268287206,110
128,31.784720039367677,0.411612817613012,0.059116554260253903,0.025121676497535664,0.501,balanced,0.7,"{'logit__C': 0.501, 'logit__class_weight': 'balanced', 'logit__l1_ratio': 0.7}",0.9346879535558781,0.9544787077826725,0.9397944199706314,0.9533527696793003,0.9413489736070382,0.9447325649191042,0.007823342175339873,17
129,31.246768617630003,0.2637857719849259,0.06203989982604981,0.019196043713723715,0.501,balanced,0.8,"{'logit__C': 0.501, 'logit__class_weight': 'balanced', 'logit__l1_ratio': 0.8}",0.9331395348837209,0.9547445255474453,0.9366715758468336,0.9547445255474453,0.9397944199706314,0.9438189163592152,0.009165894484977016,69
130,30.093288564682005,0.35726572010922975,0.05739650726318359,0.017557577960147886,0.501,balanced,0.9,"{'logit__C': 0.501, 'logit__class_weight': 'balanced', 'logit__l1_ratio': 0.9}",0.9317851959361393,0.948905109489051,0.9394387001477105,0.9505813953488372,0.9384164222873901,0.9418253646418258,0.006998755658914274,182
131,30.13609323501587,0.6368192590152499,0.047423505783081056,0.010872029880373883,0.501,balanced,1.0,"{'logit__C': 0.501, 'logit__class_weight': 'balanced', 'logit__l1_ratio': 1.0}",0.9346879535558781,0.9532163742690059,0.9394387001477105,0.956140350877193,0.9380530973451328,0.944307295238984,0.008657284086533016,38
132,18.358822202682497,0.3167968653739959,0.06631836891174317,0.017717530806785693,0.601,,0.0,"{'logit__C': 0.601, 'logit__class_weight': None, 'logit__l1_ratio': 0.0}",0.9403202328966521,0.9542097488921714,0.9319526627218935,0.9473684210526315,0.9385964912280702,0.9424895113582838,0.007642699544282702,148
133,30.422709655761718,0.7369861873876697,0.06512289047241211,0.019133905175018458,0.601,,0.1,"{'logit__C': 0.601, 'logit__class_weight': None, 'logit__l1_ratio': 0.1}",0.9387755102040817,0.9512555391432792,0.9349112426035503,0.9458272327964861,0.9349112426035503,0.9411361534701894,0.0064417367048237245,218
134,34.791290807723996,1.665732494792734,0.06249504089355469,0.02745936359336336,0.601,,0.2,"{'logit__C': 0.601, 'logit__class_weight': None, 'logit__l1_ratio': 0.2}",0.9401459854014599,0.9543446244477173,0.9333333333333333,0.9487554904831625,0.933920704845815,0.9421000277022976,0.008268009048716527,166
135,39.42443509101868,0.5794901431910207,0.06696815490722656,0.0408731911745377,0.601,,0.3,"{'logit__C': 0.601, 'logit__class_weight': None, 'logit__l1_ratio': 0.3}",0.936046511627907,0.9542097488921714,0.9333333333333333,0.9516837481698389,0.9399707174231332,0.9430488118892768,0.008390781100896742,108
136,37.271048879623415,1.1224938182618078,0.06741914749145508,0.01854786567663789,0.601,,0.4,"{'logit__C': 0.601, 'logit__class_weight': None, 'logit__l1_ratio': 0.4}",0.9372262773722628,0.9557522123893806,0.9313432835820895,0.9472140762463344,0.9380530973451328,0.94191778938704,0.008581470933192462,179
137,53.02430720329285,0.261197027575125,0.14640793800354004,0.13819311318645136,0.601,,0.5,"{'logit__C': 0.601, 'logit__class_weight': None, 'logit__l1_ratio': 0.5}",0.938953488372093,0.9558823529411765,0.9345238095238095,0.9516837481698389,0.9382352941176471,0.943855738624913,0.008350132215673677,66
138,48.14942636489868,4.511172308401239,0.13894762992858886,0.07061982368506184,0.601,,0.6,"{'logit__C': 0.601, 'logit__class_weight': None, 'logit__l1_ratio': 0.6}",0.9374090247452693,0.9526627218934911,0.9345238095238095,0.9502923976608187,0.9337260677466863,0.9417228043140149,0.008093228560465819,189
139,41.70197858810425,0.1959382111721248,0.16279191970825196,0.11904314407507009,0.601,,0.7,"{'logit__C': 0.601, 'logit__class_weight': None, 'logit__l1_ratio': 0.7}",0.9403202328966521,0.9556213017751479,0.9345238095238095,0.9501466275659824,0.9366715758468336,0.943456709521685,0.008104375794710543,90
140,36.91806125640869,2.5646419972432724,0.17499017715454102,0.06691107732644096,0.601,,0.8,"{'logit__C': 0.601, 'logit__class_weight': None, 'logit__l1_ratio': 0.8}",0.9370424597364568,0.9497041420118343,0.9378698224852071,0.9546120058565154,0.9396170839469808,0.9437691028073989,0.007072223594197856,74
141,34.252179098129275,0.4626340623005288,0.11809420585632324,0.07478780918453015,0.601,,0.9,"{'logit__C': 0.601, 'logit__class_weight': None, 'logit__l1_ratio': 0.9}",0.9329446064139941,0.9497041420118343,0.9392592592592592,0.9575402635431918,0.9378698224852071,0.9434636187426972,0.0089074449211839,89
142,34.187220668792726,0.13819730285046156,0.12609400749206542,0.027056347291150615,0.601,,1.0,"{'logit__C': 0.601, 'logit__class_weight': None, 'logit__l1_ratio': 1.0}",0.9372262773722628,0.9512555391432792,0.9361069836552749,0.9560117302052786,0.9378698224852071,0.9436940705722605,0.008273072564999817,77
143,19.51056637763977,0.1564710510382747,0.08684358596801758,0.03691572889320744,0.601,balanced,0.0,"{'logit__C': 0.601, 'logit__class_weight': 'balanced', 'logit__l1_ratio': 0.0}",0.938953488372093,0.9544787077826725,0.9364844903988183,0.9490538573508006,0.9415204678362573,0.9440982023481282,0.006684232436683845,55
144,34.75202579498291,0.4957066275019549,0.10350852012634278,0.03827579102842595,0.601,balanced,0.1,"{'logit__C': 0.601, 'logit__class_weight': 'balanced', 'logit__l1_ratio': 0.1}",0.936046511627907,0.9575402635431918,0.9333333333333333,0.9461426491994177,0.9374090247452693,0.942094356489824,0.008834579858066134,169
145,38.71613612174988,0.3117424657798141,0.05871267318725586,0.018968536518343137,0.601,balanced,0.2,"{'logit__C': 0.601, 'logit__class_weight': 'balanced', 'logit__l1_ratio': 0.2}",0.936046511627907,0.9515418502202643,0.9349112426035503,0.9461426491994177,0.9387755102040817,0.9414835527710442,0.006371290277177167,201
146,38.85310525894165,0.11475467597263596,0.07937259674072265,0.05189058513126258,0.601,balanced,0.3,"{'logit__C': 0.601, 'logit__class_weight': 'balanced', 'logit__l1_ratio': 0.3}",0.9346879535558781,0.9532163742690059,0.9333333333333333,0.9475218658892128,0.9370424597364568,0.9411603973567774,0.00782211904058095,217
147,36.028736686706544,1.1234726676946063,0.08901677131652833,0.029634378511881162,0.601,balanced,0.4,"{'logit__C': 0.601, 'logit__class_weight': 'balanced', 'logit__l1_ratio': 0.4}",0.9346879535558781,0.9547445255474453,0.9331352154531947,0.9504373177842566,0.9385964912280702,0.942320300713769,0.008680237327500787,157
148,31.64913492202759,0.684109580993075,0.05153899192810059,0.024685341876473706,0.601,balanced,0.5,"{'logit__C': 0.601, 'logit__class_weight': 'balanced', 'logit__l1_ratio': 0.5}",0.9420289855072463,0.9575402635431918,0.9378698224852071,0.9519650655021834,0.9385964912280702,0.9456001256531797,0.007805650213597582,5
149,29.57926163673401,0.20761975116520612,0.03775711059570312,0.013107178425927695,0.601,balanced,0.6,"{'logit__C': 0.601, 'logit__class_weight': 'balanced', 'logit__l1_ratio': 0.6}",0.938953488372093,0.9546120058565154,0.9362962962962963,0.9548762736535662,0.9384164222873901,0.9446308972931721,0.008305522383945853,25
150,28.94948263168335,0.32446864201711073,0.055065155029296875,0.03811453457160724,0.601,balanced,0.7,"{'logit__C': 0.601, 'logit__class_weight': 'balanced', 'logit__l1_ratio': 0.7}",0.9346879535558781,0.9546120058565154,0.9347181008902077,0.9548762736535662,0.9401459854014599,0.9438080638715254,0.009148170178636969,70
151,28.351712226867676,0.1326451268674165,0.05451655387878418,0.02935577078387652,0.601,balanced,0.8,"{'logit__C': 0.601, 'logit__class_weight': 'balanced', 'logit__l1_ratio': 0.8}",0.9375907111756169,0.9548762736535662,0.9394387001477105,0.9534883720930233,0.9399707174231332,0.94507295489861,0.00749247529394347,11
152,28.50995841026306,0.447515564070899,0.03692703247070313,0.005870920607427799,0.601,balanced,0.9,"{'logit__C': 0.601, 'logit__class_weight': 'balanced', 'logit__l1_ratio': 0.9}",0.9364161849710982,0.9516837481698389,0.9396170839469808,0.9518248175182482,0.9444444444444444,0.9447972558101222,0.006229147700642942,14
153,29.79437098503113,0.7763728529754607,0.0994946002960205,0.061878989811248515,0.601,balanced,1.0,"{'logit__C': 0.601, 'logit__class_weight': 'balanced', 'logit__l1_ratio': 1.0}",0.9346879535558781,0.9487554904831625,0.9394387001477105,0.9547445255474453,0.9382352941176471,0.9431723927703688,0.007421406195223088,102
154,17.554887962341308,0.23684572925283734,0.0983961582183838,0.0419146896300566,0.701,,0.0,"{'logit__C': 0.701, 'logit__class_weight': None, 'logit__l1_ratio': 0.0}",0.9329446064139941,0.9542097488921714,0.9317507418397626,0.9518248175182482,0.9352941176470588,0.9412048064622471,0.009741248866839339,214
155,32.64641976356506,0.4738712959365174,0.061502695083618164,0.011851160043952726,0.701,,0.1,"{'logit__C': 0.701, 'logit__class_weight': None, 'logit__l1_ratio': 0.1}",0.9415204678362573,0.9526627218934911,0.9347181008902077,0.9501466275659824,0.9354838709677419,0.9429063578307361,0.007371155941863821,118
156,36.17516145706177,0.5167548437334242,0.12147259712219238,0.07048362289804479,0.701,,0.2,"{'logit__C': 0.701, 'logit__class_weight': None, 'logit__l1_ratio': 0.2}",0.9401459854014599,0.9543446244477173,0.9317507418397626,0.9532163742690059,0.9354838709677419,0.9429883193851374,0.009211487708228603,111
157,36.299636363983154,0.20144961216515433,0.04913206100463867,0.010514090933932428,0.701,,0.3,"{'logit__C': 0.701, 'logit__class_weight': None, 'logit__l1_ratio': 0.3}",0.936046511627907,0.9572901325478645,0.9331352154531947,0.9515418502202643,0.9368575624082232,0.9429742544514907,0.009597523571413845,113
158,33.82563772201538,1.0295565816505454,0.04372329711914062,0.011410165449992852,0.701,,0.4,"{'logit__C': 0.701, 'logit__class_weight': None, 'logit__l1_ratio': 0.4}",0.9403202328966521,0.9512555391432792,0.9331352154531947,0.9442815249266863,0.9397944199706314,0.9417573864780888,0.005947212121112065,186
159,31.226082515716552,0.36266779999642,0.04029207229614258,0.0084160550373582,0.701,,0.5,"{'logit__C': 0.701, 'logit__class_weight': None, 'logit__l1_ratio': 0.5}",0.9401459854014599,0.9557522123893806,0.9315476190476191,0.9487554904831625,0.9352941176470588,0.9422990849937362,0.008854052562980691,158
160,32.208915615081786,1.2556306290504493,0.07785477638244628,0.05717090885263243,0.701,,0.6,"{'logit__C': 0.701, 'logit__class_weight': None, 'logit__l1_ratio': 0.6}",0.9416909620991254,0.9513991163475699,0.9283582089552239,0.9442815249266863,0.935672514619883,0.9402804653896977,0.007810195724758933,247
161,33.71623387336731,0.3420027617963917,0.05582494735717773,0.023493082723594228,0.701,,0.7,"{'logit__C': 0.701, 'logit__class_weight': None, 'logit__l1_ratio': 0.7}",0.9387755102040817,0.9528023598820059,0.9347181008902077,0.9560117302052786,0.9382352941176471,0.9441085990598441,0.008583530880235796,52
162,30.986196565628052,0.6372766808802411,0.05100979804992676,0.011019171242679813,0.701,,0.8,"{'logit__C': 0.701, 'logit__class_weight': None, 'logit__l1_ratio': 0.8}",0.9404934687953556,0.9498525073746312,0.9362962962962963,0.9516837481698389,0.9411764705882353,0.9439004982448715,0.005879752642653453,63
163,35.5730393409729,0.6966096233330789,0.1207352638244629,0.0801952993421223,0.701,,0.9,"{'logit__C': 0.701, 'logit__class_weight': None, 'logit__l1_ratio': 0.9}",0.935672514619883,0.9512555391432792,0.9331352154531947,0.9547445255474453,0.9427312775330396,0.9435078144593684,0.008436547364533182,85
164,34.52517080307007,0.757317896190141,0.06789755821228027,0.007429177558879221,0.701,,1.0,"{'logit__C': 0.701, 'logit__class_weight': None, 'logit__l1_ratio': 1.0}",0.9329446064139941,0.9543446244477173,0.9362962962962963,0.9574155653450808,0.9411764705882353,0.9444355126182649,0.00975275744314562,30
165,18.57926526069641,0.39610072004913394,0.07469296455383301,0.016420757472967933,0.701,balanced,0.0,"{'logit__C': 0.701, 'logit__class_weight': 'balanced', 'logit__l1_ratio': 0.0}",0.9387755102040817,0.9473684210526315,0.9303703703703704,0.9504373177842566,0.9329446064139941,0.9399792451650668,0.007838836625930627,251
166,32.2572217464447,0.2810551085281465,0.061831188201904294,0.01966516695491621,0.701,balanced,0.1,"{'logit__C': 0.701, 'logit__class_weight': 'balanced', 'logit__l1_ratio': 0.1}",0.9404934687953556,0.9470588235294117,0.9364844903988183,0.9547445255474453,0.9428989751098097,0.9443360566761682,0.00623261520774737,36
167,34.451902055740355,0.5158956807249049,0.05052590370178223,0.027330641415492914,0.701,balanced,0.2,"{'logit__C': 0.701, 'logit__class_weight': 'balanced', 'logit__l1_ratio': 0.2}",0.9406657018813314,0.9546120058565154,0.9349112426035503,0.9504373177842566,0.9415204678362573,0.9444293471923821,0.007113412236091781,31
168,34.62519063949585,0.4047369166209196,0.04897847175598145,0.012033581088418144,0.701,balanced,0.3,"{'logit__C': 0.701, 'logit__class_weight': 'balanced', 'logit__l1_ratio': 0.3}",0.9403202328966521,0.9530791788856305,0.9378698224852071,0.9533527696793003,0.9415204678362573,0.9452284943566095,0.0066276336657814655,10
169,36.753618240356445,1.3388658621626253,0.07306737899780273,0.05067046999598376,0.701,balanced,0.4,"{'logit__C': 0.701, 'logit__class_weight': 'balanced', 'logit__l1_ratio': 0.4}",0.9404934687953556,0.9574155653450808,0.9380530973451328,0.9473684210526315,0.9385964912280702,0.9443854087532542,0.007313552812477027,34
170,37.27015781402588,1.2080694330318098,0.04388203620910645,0.008789411407385718,0.701,balanced,0.5,"{'logit__C': 0.701, 'logit__class_weight': 'balanced', 'logit__l1_ratio': 0.5}",0.9377713458755427,0.9575402635431918,0.9362962962962963,0.9547445255474453,0.9385964912280702,0.9449897844981093,0.009178521550883945,13
171,37.549849319458005,1.2413556188188901,0.1599660873413086,0.05518317954184979,0.701,balanced,0.6,"{'logit__C': 0.701, 'logit__class_weight': 'balanced', 'logit__l1_ratio': 0.6}",0.9432314410480349,0.9544787077826725,0.9362962962962963,0.9518248175182482,0.9354838709677419,0.9442630267225989,0.0077864928949520525,43
172,44.76288990974426,4.385934022989127,0.14817342758178711,0.06444595519529765,0.701,balanced,0.7,"{'logit__C': 0.701, 'logit__class_weight': 'balanced', 'logit__l1_ratio': 0.7}",0.9377713458755427,0.9575402635431918,0.9394387001477105,0.9533527696793003,0.9370424597364568,0.9450291077964404,0.008643224841146904,12
173,42.54370927810669,2.1335570716536383,0.11154470443725586,0.06718495197071969,0.701,balanced,0.8,"{'logit__C': 0.701, 'logit__class_weight': 'balanced', 'logit__l1_ratio': 0.8}",0.9391304347826087,0.9560117302052786,0.9394387001477105,0.9534883720930233,0.9413489736070382,0.9458836421671318,0.007322791696015719,4
174,34.68917798995972,0.8593894934045505,0.0699462890625,0.03386432228718977,0.701,balanced,0.9,"{'logit__C': 0.701, 'logit__class_weight': 'balanced', 'logit__l1_ratio': 0.9}",0.9346879535558781,0.956268221574344,0.9364844903988183,0.9533527696793003,0.9427312775330396,0.944704942548276,0.008721302557880856,18
175,33.45122504234314,0.9171169242858239,0.06571259498596191,0.02483238490126082,0.701,balanced,1.0,"{'logit__C': 0.701, 'logit__class_weight': 'balanced', 'logit__l1_ratio': 1.0}",0.9346879535558781,0.9548762736535662,0.9394387001477105,0.9533527696793003,0.9413489736070382,0.9447409341286986,0.007969571112702427,16
176,18.309022665023804,0.17200638420397044,0.038695240020751955,0.014465709169221989,0.801,,0.0,"{'logit__C': 0.801, 'logit__class_weight': None, 'logit__l1_ratio': 0.0}",0.936046511627907,0.9467455621301775,0.9317507418397626,0.9546120058565154,0.9413489736070382,0.9421007590122802,0.008030534748814029,165
177,30.364603757858276,0.274088127945293,0.07359809875488281,0.013184285451345484,0.801,,0.1,"{'logit__C': 0.801, 'logit__class_weight': None, 'logit__l1_ratio': 0.1}",0.9384164222873901,0.9560117302052786,0.9331352154531947,0.9472140762463344,0.9415204678362573,0.9432595824056911,0.007838862425685643,97
178,39.8817955493927,4.586405841456382,0.08962006568908691,0.0680002410805288,0.801,,0.2,"{'logit__C': 0.801, 'logit__class_weight': None, 'logit__l1_ratio': 0.2}",0.9401459854014599,0.9540740740740741,0.9331352154531947,0.9516837481698389,0.9384164222873901,0.9434910890771915,0.008041210289473593,87
179,45.242267751693724,1.6015141534334603,0.14086427688598632,0.06051629213149652,0.801,,0.3,"{'logit__C': 0.801, 'logit__class_weight': None, 'logit__l1_ratio': 0.3}",0.9387755102040817,0.9571639586410635,0.9285714285714286,0.9501466275659824,0.9354838709677419,0.9420282791900597,0.010290704411506731,174
180,40.18719325065613,1.0491743782841934,0.06788277626037598,0.02035934624367747,0.801,,0.4,"{'logit__C': 0.801, 'logit__class_weight': None, 'logit__l1_ratio': 0.4}",0.9385964912280702,0.9543446244477173,0.9299552906110283,0.9486049926578561,0.9354838709677419,0.9413970539824827,0.008869236664513308,207
181,37.19769597053528,1.2433412740982412,0.1168032169342041,0.08795701016024583,0.801,,0.5,"{'logit__C': 0.801, 'logit__class_weight': None, 'logit__l1_ratio': 0.5}",0.9416909620991254,0.9529411764705882,0.9331352154531947,0.9501466275659824,0.9337260677466863,0.9423280098671155,0.008156920930260785,156
182,33.55845718383789,0.5116160821665761,0.0769660472869873,0.05996296183889661,0.801,,0.6,"{'logit__C': 0.801, 'logit__class_weight': None, 'logit__l1_ratio': 0.6}",0.9404934687953556,0.9588235294117647,0.9315476190476191,0.9487554904831625,0.9364844903988183,0.943220919627344,0.009624524090669979,100
183,34.21203970909119,2.6415949525551796,0.1843578338623047,0.14747244527484168,0.801,,0.7,"{'logit__C': 0.801, 'logit__class_weight': None, 'logit__l1_ratio': 0.7}",0.9403202328966521,0.9557522123893806,0.9362962962962963,0.9502923976608187,0.9351032448377581,0.9435528768161812,0.00810862698322797,83
184,39.366928815841675,2.125227075531809,0.18704771995544434,0.0959032187753053,0.801,,0.8,"{'logit__C': 0.801, 'logit__class_weight': None, 'logit__l1_ratio': 0.8}",0.9372262773722628,0.9542097488921714,0.9329359165424739,0.9487554904831625,0.9423929098966026,0.9431040686373346,0.007664466018408151,107
185,42.42317457199097,2.020123617443078,0.2114656925201416,0.06977242186718605,0.801,,0.9,"{'logit__C': 0.801, 'logit__class_weight': None, 'logit__l1_ratio': 0.9}",0.9385964912280702,0.9481481481481482,0.9315476190476191,0.9504373177842566,0.9382352941176471,0.9413929740651483,0.00695923565531615,208
186,36.16783075332641,1.1803607307119324,0.11162896156311035,0.06681468834549882,0.801,,1.0,"{'logit__C': 0.801, 'logit__class_weight': None, 'logit__l1_ratio': 1.0}",0.9372262773722628,0.9557522123893806,0.9347181008902077,0.9502923976608187,0.9349112426035503,0.9425800461832441,0.008743796663827326,144
187,19.547254371643067,0.10824959024289234,0.12550392150878906,0.06405596990271345,0.801,balanced,0.0,"{'logit__C': 0.801, 'logit__class_weight': 'balanced', 'logit__l1_ratio': 0.0}",0.938953488372093,0.9528023598820059,0.9319526627218935,0.9490538573508006,0.9401459854014599,0.9425816707456505,0.00746222175862775,143
188,32.043141555786136,0.3503060698178788,0.11906075477600098,0.08574303739570963,0.801,balanced,0.1,"{'logit__C': 0.801, 'logit__class_weight': 'balanced', 'logit__l1_ratio': 0.1}",0.9403202328966521,0.9589442815249267,0.9333333333333333,0.9475218658892128,0.9343065693430657,0.9428852565974382,0.009495292380791066,121
189,36.41048560142517,0.38987955410523356,0.0577448844909668,0.0075911819177214524,0.801,balanced,0.2,"{'logit__C': 0.801, 'logit__class_weight': 'balanced', 'logit__l1_ratio': 0.2}",0.9418604651162791,0.9516837481698389,0.9317507418397626,0.9476744186046512,0.9399707174231332,0.9425880182307329,0.006832714373000552,141
190,36.88902325630188,0.6211008075172735,0.05372152328491211,0.016165848173143517,0.801,balanced,0.3,"{'logit__C': 0.801, 'logit__class_weight': 'balanced', 'logit__l1_ratio': 0.3}",0.936046511627907,0.9546120058565154,0.9396170839469808,0.948905109489051,0.9428989751098097,0.9444159372060528,0.006625555596673403,32
191,36.203729677200315,0.23783920614283663,0.058936548233032224,0.0059712870141733244,0.801,balanced,0.4,"{'logit__C': 0.801, 'logit__class_weight': 'balanced', 'logit__l1_ratio': 0.4}",0.9374090247452693,0.9604685212298683,0.9364844903988183,0.948905109489051,0.9372262773722628,0.944098684647054,0.009391812976330224,54
192,35.35779194831848,0.39414977567616016,0.07159104347229003,0.04985890008673794,0.801,balanced,0.5,"{'logit__C': 0.801, 'logit__class_weight': 'balanced', 'logit__l1_ratio': 0.5}",0.9374090247452693,0.9589442815249267,0.9362962962962963,0.9504373177842566,0.9370424597364568,0.9440258760174413,0.0091209937484041,62
193,33.599218702316286,0.30507531339943655,0.04833483695983887,0.014734584854327945,0.801,balanced,0.6,"{'logit__C': 0.801, 'logit__class_weight': 'balanced', 'logit__l1_ratio': 0.6}",0.9391304347826087,0.9530791788856305,0.9317507418397626,0.9519650655021834,0.9430656934306569,0.9437982228881683,0.008003750462441263,71
194,33.67604088783264,0.4470707503964356,0.05166540145874023,0.00897847560846278,0.801,balanced,0.7,"{'logit__C': 0.801, 'logit__class_weight': 'balanced', 'logit__l1_ratio': 0.7}",0.9393063583815029,0.9544787077826725,0.9378698224852071,0.948905109489051,0.9428989751098097,0.9446917946496486,0.006201485636883903,20
195,33.15027294158936,0.1922871565865222,0.07091221809387208,0.019145773729722523,0.801,balanced,0.8,"{'logit__C': 0.801, 'logit__class_weight': 'balanced', 'logit__l1_ratio': 0.8}",0.9364161849710982,0.9546120058565154,0.9378698224852071,0.9518248175182482,0.9370424597364568,0.9435530581135051,0.007954173062202962,82
196,34.021266078948976,0.29408038114403645,0.06579170227050782,0.018890718565416784,0.801,balanced,0.9,"{'logit__C': 0.801, 'logit__class_weight': 'balanced', 'logit__l1_ratio': 0.9}",0.9391304347826087,0.9532163742690059,0.9362962962962963,0.9547445255474453,0.9354838709677419,0.9437743003726196,0.008434641096716015,73
197,33.71220507621765,0.6141149120139239,0.053099536895751955,0.02244874949071433,0.801,balanced,1.0,"{'logit__C': 0.801, 'logit__class_weight': 'balanced', 'logit__l1_ratio': 1.0}",0.9391304347826087,0.9591836734693877,0.9410029498525073,0.9548762736535662,0.9399707174231332,0.9468328098362406,0.008457461839677355,1
198,17.973866081237794,0.15108738988426634,0.05411829948425293,0.022226744528162763,0.901,,0.0,"{'logit__C': 0.901, 'logit__class_weight': None, 'logit__l1_ratio': 0.0}",0.9387755102040817,0.9528023598820059,0.9253731343283582,0.9473684210526315,0.9337260677466863,0.9396090986427528,0.00971840345486335,256
199,35.816461372375485,0.3918794286778948,0.10357847213745117,0.041144511963921,0.901,,0.1,"{'logit__C': 0.901, 'logit__class_weight': None, 'logit__l1_ratio': 0.1}",0.9354838709677419,0.948301329394387,0.9333333333333333,0.9501466275659824,0.9413489736070382,0.9417228269736967,0.006688573128004526,188
200,37.97815909385681,2.6398259233175545,0.05567765235900879,0.012323176629429302,0.901,,0.2,"{'logit__C': 0.901, 'logit__class_weight': None, 'logit__l1_ratio': 0.2}",0.9358600583090378,0.9526627218934911,0.9347181008902077,0.9473684210526315,0.9352941176470588,0.9411806839584853,0.007414188905631596,216
201,34.997090864181516,0.9679252889553672,0.06647868156433105,0.01534188663453416,0.901,,0.3,"{'logit__C': 0.901, 'logit__class_weight': None, 'logit__l1_ratio': 0.3}",0.9432314410480349,0.9513991163475699,0.9333333333333333,0.948905109489051,0.9352941176470588,0.9424326235730096,0.007164977678802699,151
202,37.678106021881106,2.6640194267187565,0.10396285057067871,0.027692376187378676,0.901,,0.4,"{'logit__C': 0.901, 'logit__class_weight': None, 'logit__l1_ratio': 0.4}",0.9387755102040817,0.9571639586410635,0.9347181008902077,0.9472140762463344,0.9321533923303835,0.9420050076624141,0.009137955778789744,175
203,41.48151521682739,0.5368863603301915,0.06925044059753419,0.020087936485851943,0.901,,0.5,"{'logit__C': 0.901, 'logit__class_weight': None, 'logit__l1_ratio': 0.5}",0.9401459854014599,0.9557522123893806,0.9331352154531947,0.9519650655021834,0.9396170839469808,0.94412311253864,0.008409374601186511,49
204,38.799238729476926,0.905181555090767,0.06670503616333008,0.03573222088030367,0.901,,0.6,"{'logit__C': 0.901, 'logit__class_weight': None, 'logit__l1_ratio': 0.6}",0.938953488372093,0.9526627218934911,0.9347181008902077,0.9472140762463344,0.9366715758468336,0.942043992649792,0.006805438181550957,172
205,38.575555086135864,0.9319945601695744,0.07901678085327149,0.02458796059676963,0.901,,0.7,"{'logit__C': 0.901, 'logit__class_weight': None, 'logit__l1_ratio': 0.7}",0.9385964912280702,0.9558823529411765,0.9315476190476191,0.9530791788856305,0.933920704845815,0.9426052693896623,0.009997472905845945,139
206,39.84243888854981,0.7050229659148386,0.19048967361450195,0.07304948292605969,0.901,,0.8,"{'logit__C': 0.901, 'logit__class_weight': None, 'logit__l1_ratio': 0.8}",0.9358600583090378,0.9498525073746312,0.9347181008902077,0.9504373177842566,0.9396170839469808,0.9420970136610229,0.006770618476009267,168
207,49.48184475898743,0.3038238964649905,0.08320999145507812,0.018625955578420325,0.901,,0.9,"{'logit__C': 0.901, 'logit__class_weight': None, 'logit__l1_ratio': 0.9}",0.9391304347826087,0.9572901325478645,0.9331352154531947,0.9532163742690059,0.9382352941176471,0.9442014902340642,0.00934188662743289,46
208,46.734106588363645,3.839430307023409,0.14957084655761718,0.06189950884051416,0.901,,1.0,"{'logit__C': 0.901, 'logit__class_weight': None, 'logit__l1_ratio': 1.0}",0.9403202328966521,0.9557522123893806,0.9376854599406528,0.9516837481698389,0.9351032448377581,0.9441089796468566,0.008119870118152489,51
209,22.99982132911682,1.1993766238474468,0.05624837875366211,0.02488070125420168,0.901,balanced,0.0,"{'logit__C': 0.901, 'logit__class_weight': 'balanced', 'logit__l1_ratio': 0.0}",0.9375907111756169,0.9516837481698389,0.9319526627218935,0.9444444444444444,0.9384164222873901,0.9408175977598369,0.0067229867694394855,232
210,39.31448383331299,0.5062135739413565,0.14600424766540526,0.11832002391866918,0.901,balanced,0.1,"{'logit__C': 0.901, 'logit__class_weight': 'balanced', 'logit__l1_ratio': 0.1}",0.9387755102040817,0.9519650655021834,0.9349112426035503,0.9478260869565217,0.9374090247452693,0.9421773860023211,0.006554591678783838,162
211,45.44547090530396,3.1741425166967554,0.1349658966064453,0.10477478622851384,0.901,balanced,0.2,"{'logit__C': 0.901, 'logit__class_weight': 'balanced', 'logit__l1_ratio': 0.2}",0.9333333333333333,0.9516837481698389,0.9380530973451328,0.9518248175182482,0.9372262773722628,0.9424242547477633,0.0077830538586523505,152
212,39.17713298797607,2.510964433804316,0.09071788787841797,0.02880780735163677,0.901,balanced,0.3,"{'logit__C': 0.901, 'logit__class_weight': 'balanced', 'logit__l1_ratio': 0.3}",0.9374090247452693,0.9575402635431918,0.9335302806499262,0.9475218658892128,0.9385964912280702,0.9429195852111342,0.008627394516385499,117
213,35.397665929794314,0.560768005394746,0.09399547576904296,0.04557756816605692,0.901,balanced,0.4,"{'logit__C': 0.901, 'logit__class_weight': 'balanced', 'logit__l1_ratio': 0.4}",0.9387755102040817,0.9574155653450808,0.9349112426035503,0.9518248175182482,0.9382352941176471,0.9442324859577216,0.00876433172202577,45
214,38.262740564346316,1.1454520788634805,0.08977489471435547,0.03725150898405014,0.901,balanced,0.5,"{'logit__C': 0.901, 'logit__class_weight': 'balanced', 'logit__l1_ratio': 0.5}",0.9375907111756169,0.9502923976608187,0.9378698224852071,0.9504373177842566,0.9370424597364568,0.9426465417684712,0.0063077651949161335,132
215,38.88555727005005,1.4530133597648163,0.04509892463684082,0.012335701886732966,0.901,balanced,0.6,"{'logit__C': 0.901, 'logit__class_weight': 'balanced', 'logit__l1_ratio': 0.6}",0.9375907111756169,0.9516837481698389,0.9362962962962963,0.9473684210526315,0.9397944199706314,0.942546719333003,0.005965552115474688,147
216,36.16619782447815,0.4984242626983037,0.05492534637451172,0.02430891065791256,0.901,balanced,0.7,"{'logit__C': 0.901, 'logit__class_weight': 'balanced', 'logit__l1_ratio': 0.7}",0.9391304347826087,0.9577874818049491,0.9378698224852071,0.9518248175182482,0.9343065693430657,0.9441838251868158,0.009015628706742988,47
217,35.85053391456604,0.6188386598254365,0.056913566589355466,0.017518510935939275,0.901,balanced,0.8,"{'logit__C': 0.901, 'logit__class_weight': 'balanced', 'logit__l1_ratio': 0.8}",0.9393063583815029,0.9575402635431918,0.9362962962962963,0.9548762736535662,0.9415204678362573,0.9459079319421628,0.008613436550821047,2
218,37.39231877326965,0.7603762386956165,0.05749678611755371,0.01413630265934312,0.901,balanced,0.9,"{'logit__C': 0.901, 'logit__class_weight': 'balanced', 'logit__l1_ratio': 0.9}",0.9375907111756169,0.9502923976608187,0.9394387001477105,0.9533527696793003,0.9370424597364568,0.9435434076799807,0.006874852614537938,84
219,37.4310763835907,0.47013109285952853,0.06405439376831054,0.01908648580104357,0.901,balanced,1.0,"{'logit__C': 0.901, 'logit__class_weight': 'balanced', 'logit__l1_ratio': 1.0}",0.9375907111756169,0.9546120058565154,0.9378698224852071,0.9533527696793003,0.9397944199706314,0.9446439458334543,0.007672816963427437,22
220,20.454639768600465,0.30847920005608304,0.05561981201171875,0.007159125239722374,1.001,,0.0,"{'logit__C': 1.001, 'logit__class_weight': None, 'logit__l1_ratio': 0.0}",0.9403202328966521,0.9498525073746312,0.9333333333333333,0.9476744186046512,0.9366715758468336,0.9415704136112202,0.006312891711901499,198
221,31.039707899093628,0.4358831906914838,0.05922384262084961,0.016493897970823714,1.001,,0.1,"{'logit__C': 1.001, 'logit__class_weight': None, 'logit__l1_ratio': 0.1}",0.9416909620991254,0.9511111111111111,0.9285714285714286,0.9502923976608187,0.9354838709677419,0.9414299540820451,0.008637516026066036,205
222,34.463061237335204,0.5565298827904502,0.04870929718017578,0.0078618754705426,1.001,,0.2,"{'logit__C': 1.001, 'logit__class_weight': None, 'logit__l1_ratio': 0.2}",0.9375907111756169,0.9513991163475699,0.9317507418397626,0.9534883720930233,0.9397944199706314,0.9428046722853208,0.008323968982006933,127
223,38.64542217254639,1.439330123444948,0.061112403869628906,0.014324796354354368,1.001,,0.3,"{'logit__C': 1.001, 'logit__class_weight': None, 'logit__l1_ratio': 0.3}",0.9387755102040817,0.9589442815249267,0.9333333333333333,0.9515418502202643,0.9385964912280702,0.9442382933021353,0.009488921066229903,44
224,40.74755482673645,0.1928394172971045,0.05268516540527344,0.008741840454506227,1.001,,0.4,"{'logit__C': 1.001, 'logit__class_weight': None, 'logit__l1_ratio': 0.4}",0.9358600583090378,0.9543446244477173,0.9315476190476191,0.9501466275659824,0.9352941176470588,0.9414386094034832,0.009045457491120226,203
225,38.23696231842041,0.9749211466912843,0.06247315406799316,0.018773927019407242,1.001,,0.5,"{'logit__C': 1.001, 'logit__class_weight': None, 'logit__l1_ratio': 0.5}",0.9399707174231332,0.9529411764705882,0.9345238095238095,0.9442815249266863,0.9368575624082232,0.941714958150488,0.006495606676364465,192
226,37.36230263710022,0.3452171136684386,0.0716949462890625,0.023416406914906557,1.001,,0.6,"{'logit__C': 1.001, 'logit__class_weight': None, 'logit__l1_ratio': 0.6}",0.9387755102040817,0.9572901325478645,0.9347181008902077,0.9502923976608187,0.9413489736070382,0.9444850229820021,0.008191734134412966,28
227,35.85285420417786,1.1292741038106229,0.050525474548339847,0.015228567849909709,1.001,,0.7,"{'logit__C': 1.001, 'logit__class_weight': None, 'logit__l1_ratio': 0.7}",0.9418604651162791,0.9526627218934911,0.9317507418397626,0.9456681350954479,0.9382352941176471,0.9420354716125257,0.007019719870187219,173
228,32.683315706253055,0.6910766415595575,0.04744014739990234,0.006356716609557353,1.001,,0.8,"{'logit__C': 1.001, 'logit__class_weight': None, 'logit__l1_ratio': 0.8}",0.9416909620991254,0.9557522123893806,0.9331352154531947,0.9487554904831625,0.933920704845815,0.9426509170541356,0.008678668698456023,131
229,30.324600219726562,0.2692358165663807,0.03306679725646973,0.010311233260722278,1.001,,0.9,"{'logit__C': 1.001, 'logit__class_weight': None, 'logit__l1_ratio': 0.9}",0.9387755102040817,0.9497041420118343,0.9347181008902077,0.9516837481698389,0.9337260677466863,0.9417215138045298,0.007544830733311797,191
230,29.927541637420653,0.1430383728835929,0.04663853645324707,0.008503287655834767,1.001,,1.0,"{'logit__C': 1.001, 'logit__class_weight': None, 'logit__l1_ratio': 1.0}",0.9374090247452693,0.9497041420118343,0.9347181008902077,0.9504373177842566,0.9366715758468336,0.9417880322556803,0.00682367490870825,183
231,16.651294422149657,0.08489529991788794,0.03835139274597168,0.011311202740187805,1.001,balanced,0.0,"{'logit__C': 1.001, 'logit__class_weight': 'balanced', 'logit__l1_ratio': 0.0}",0.936231884057971,0.9401459854014599,0.9349112426035503,0.9447674418604651,0.9399707174231332,0.939205454269316,0.00345509207117309,259
232,27.754938459396364,0.2548656220034822,0.03979401588439942,0.011721510280337289,1.001,balanced,0.1,"{'logit__C': 1.001, 'logit__class_weight': 'balanced', 'logit__l1_ratio': 0.1}",0.9393063583815029,0.9546120058565154,0.9301634472511144,0.9502923976608187,0.9401459854014599,0.9429040389102822,0.00865490814753177,119
233,31.915218448638917,0.42406589849210274,0.04425811767578125,0.0061120970142408025,1.001,balanced,0.2,"{'logit__C': 1.001, 'logit__class_weight': 'balanced', 'logit__l1_ratio': 0.2}",0.936231884057971,0.9542097488921714,0.9349112426035503,0.9521044992743106,0.9387755102040817,0.9432465770064169,0.008213745550236837,98
234,33.9488844871521,0.41577090686516177,0.06898889541625977,0.03723534776686123,1.001,balanced,0.3,"{'logit__C': 1.001, 'logit__class_weight': 'balanced', 'logit__l1_ratio': 0.3}",0.9333333333333333,0.9544787077826725,0.9349112426035503,0.9473684210526315,0.9370424597364568,0.941426832901729,0.008158851486728378,206
235,32.349972820281984,0.7688720686893467,0.03415546417236328,0.008282548767766374,1.001,balanced,0.4,"{'logit__C': 1.001, 'logit__class_weight': 'balanced', 'logit__l1_ratio': 0.4}",0.9377713458755427,0.9502923976608187,0.9349112426035503,0.9504373177842566,0.9413489736070382,0.9429522555062413,0.006387081807933777,115
236,31.626214504241943,0.21409395785509208,0.04327855110168457,0.009593188227238812,1.001,balanced,0.5,"{'logit__C': 1.001, 'logit__class_weight': 'balanced', 'logit__l1_ratio': 0.5}",0.9404934687953556,0.9560117302052786,0.9349112426035503,0.9533527696793003,0.9415204678362573,0.9452579358239485,0.00806093421836795,9
237,31.118577003479004,0.08666043906159275,0.029691791534423827,0.004933747511274183,1.001,balanced,0.6,"{'logit__C': 1.001, 'logit__class_weight': 'balanced', 'logit__l1_ratio': 0.6}",0.9403202328966521,0.9589442815249267,0.9362962962962963,0.9519650655021834,0.935672514619883,0.9446396781679883,0.009240807620578799,24
238,30.66843514442444,0.2752481079284312,0.04267439842224121,0.014238204746518759,1.001,balanced,0.7,"{'logit__C': 1.001, 'logit__class_weight': 'balanced', 'logit__l1_ratio': 0.7}",0.938953488372093,0.9530791788856305,0.9333333333333333,0.948905109489051,0.9415204678362573,0.943158315583273,0.007047589122380296,103
239,29.91082592010498,0.34563803894136086,0.03577780723571777,0.010686605462192283,1.001,balanced,0.8,"{'logit__C': 1.001, 'logit__class_weight': 'balanced', 'logit__l1_ratio': 0.8}",0.9391304347826087,0.9516837481698389,0.9362962962962963,0.9502923976608187,0.9354838709677419,0.9425773495754608,0.006987113180164304,145
240,29.477779340744018,0.19168800824329485,0.031850767135620114,0.007972590235560255,1.001,balanced,0.9,"{'logit__C': 1.001, 'logit__class_weight': 'balanced', 'logit__l1_ratio': 0.9}",0.9406657018813314,0.9544787077826725,0.9347181008902077,0.9563953488372093,0.935672514619883,0.9443860748022608,0.009266292987064766,33
241,29.142506694793703,0.2063660600947778,0.0453761100769043,0.006193605258496733,1.001,balanced,1.0,"{'logit__C': 1.001, 'logit__class_weight': 'balanced', 'logit__l1_ratio': 1.0}",0.9375907111756169,0.956140350877193,0.9347181008902077,0.9504373177842566,0.9416909620991254,0.9441154885652798,0.008016542670998699,50
242,16.060367631912232,0.22457256343721152,0.03086199760437012,0.003042174033994215,5.0,,0.0,"{'logit__C': 5, 'logit__class_weight': None, 'logit__l1_ratio': 0.0}",0.936046511627907,0.9513991163475699,0.9285714285714286,0.9504373177842566,0.9384164222873901,0.9409741593237104,0.008750800622494401,223
243,23.396339654922485,0.09698645028096747,0.027549552917480468,0.0048401702028684395,5.0,,0.1,"{'logit__C': 5, 'logit__class_weight': None, 'logit__l1_ratio': 0.1}",0.9401459854014599,0.9501466275659824,0.9301634472511144,0.9475218658892128,0.9368575624082232,0.9409670977031984,0.007232013873295026,224
244,24.43893699645996,0.14240836440811946,0.03440713882446289,0.007214899889614935,5.0,,0.2,"{'logit__C': 5, 'logit__class_weight': None, 'logit__l1_ratio': 0.2}",0.9404934687953556,0.95,0.9285714285714286,0.9487554904831625,0.9354838709677419,0.9406608517635379,0.008071259704901674,238
245,25.32861957550049,0.14102287091972637,0.024758243560791017,0.005817319710165799,5.0,,0.3,"{'logit__C': 5, 'logit__class_weight': None, 'logit__l1_ratio': 0.3}",0.9372262773722628,0.957037037037037,0.9331352154531947,0.9476744186046512,0.9397944199706314,0.9429734736875555,0.008483049808954547,114
246,26.487425565719604,0.22240500073048527,0.03474431037902832,0.009898837538804137,5.0,,0.4,"{'logit__C': 5, 'logit__class_weight': None, 'logit__l1_ratio': 0.4}",0.9375907111756169,0.9512555391432792,0.9303703703703704,0.9487554904831625,0.935672514619883,0.9407289251584624,0.007974342414666016,235
247,27.247288751602174,0.14948158368276665,0.036713266372680665,0.014120888463159132,5.0,,0.5,"{'logit__C': 5, 'logit__class_weight': None, 'logit__l1_ratio': 0.5}",0.936046511627907,0.95,0.9349112426035503,0.9502923976608187,0.9368575624082232,0.9416215428600998,0.006988374339417305,194
248,27.80030426979065,0.2611662469712003,0.03590846061706543,0.011159324004787956,5.0,,0.6,"{'logit__C': 5, 'logit__class_weight': None, 'logit__l1_ratio': 0.6}",0.9387755102040817,0.9484536082474226,0.9253731343283582,0.9475218658892128,0.9384164222873901,0.939708108191293,0.008313461947043247,254
249,28.31655421257019,0.23653938632386304,0.03247261047363281,0.009956365610217852,5.0,,0.7,"{'logit__C': 5, 'logit__class_weight': None, 'logit__l1_ratio': 0.7}",0.938953488372093,0.9557522123893806,0.9285714285714286,0.948905109489051,0.9382352941176471,0.9420835065879201,0.009386690471077912,170
250,28.747694730758667,0.19153620771056604,0.03341512680053711,0.009205052512053414,5.0,,0.8,"{'logit__C': 5, 'logit__class_weight': None, 'logit__l1_ratio': 0.8}",0.938953488372093,0.9441176470588235,0.9301634472511144,0.9486049926578561,0.9352941176470588,0.9394267385973892,0.006470796829647104,258
251,29.634819746017456,0.15341361623532002,0.04004969596862793,0.01924178490568462,5.0,,0.9,"{'logit__C': 5, 'logit__class_weight': None, 'logit__l1_ratio': 0.9}",0.9372262773722628,0.9542097488921714,0.9317507418397626,0.9487554904831625,0.9366715758468336,0.9417227668868386,0.008373268814514723,190
252,30.257521200180054,0.22382951964866077,0.035466337203979494,0.014288517031415081,5.0,,1.0,"{'logit__C': 5, 'logit__class_weight': None, 'logit__l1_ratio': 1.0}",0.935672514619883,0.9528023598820059,0.9317507418397626,0.9473684210526315,0.9368575624082232,0.9408903199605012,0.00788521405067111,230
253,16.43759160041809,0.14681696810826228,0.03484740257263184,0.014890429513103534,5.0,balanced,0.0,"{'logit__C': 5, 'logit__class_weight': 'balanced', 'logit__l1_ratio': 0.0}",0.938953488372093,0.9490538573508006,0.9351032448377581,0.9473684210526315,0.9416909620991254,0.9424339947424818,0.0051880065580593125,150
254,23.97360520362854,0.11726699006232996,0.0491276741027832,0.018986869647734973,5.0,balanced,0.1,"{'logit__C': 5, 'logit__class_weight': 'balanced', 'logit__l1_ratio': 0.1}",0.9418604651162791,0.9487554904831625,0.9362962962962963,0.9430656934306569,0.9399707174231332,0.9419897325499056,0.0040851320848604485,176
255,25.069643020629883,0.4395562652050706,0.05411739349365234,0.014973680149217902,5.0,balanced,0.2,"{'logit__C': 5, 'logit__class_weight': 'balanced', 'logit__l1_ratio': 0.2}",0.9377713458755427,0.9473684210526315,0.9351032448377581,0.9476744186046512,0.9403202328966521,0.941647532653447,0.005072793509318291,193
256,25.71087017059326,0.19354862635155617,0.0413299560546875,0.012504497501671909,5.0,balanced,0.3,"{'logit__C': 5, 'logit__class_weight': 'balanced', 'logit__l1_ratio': 0.3}",0.938953488372093,0.9548762736535662,0.9287833827893175,0.9461426491994177,0.9368575624082232,0.9411226712845234,0.008826282401939814,219
257,28.307602310180663,1.1506202009722613,0.0925229549407959,0.034999869982805694,5.0,balanced,0.4,"{'logit__C': 5, 'logit__class_weight': 'balanced', 'logit__l1_ratio': 0.4}",0.936046511627907,0.9516837481698389,0.9333333333333333,0.9475218658892128,0.9374090247452693,0.9411988967531123,0.007108999059667228,215
258,31.260825634002686,0.3582004680401266,0.044513797760009764,0.006973850157483599,5.0,balanced,0.5,"{'logit__C': 5, 'logit__class_weight': 'balanced', 'logit__l1_ratio': 0.5}",0.9346879535558781,0.9490538573508006,0.9380530973451328,0.9504373177842566,0.931185944363104,0.9406836340798345,0.0077235872730873605,237
259,29.63283896446228,1.1735456851828827,0.03956160545349121,0.008924186147784905,5.0,balanced,0.6,"{'logit__C': 5, 'logit__class_weight': 'balanced', 'logit__l1_ratio': 0.6}",0.938953488372093,0.9473684210526315,0.9364844903988183,0.9446064139941691,0.9374090247452693,0.9409643677125963,0.004266844276113709,225
260,29.08664426803589,0.29079820621789376,0.03989334106445312,0.008274250464289682,5.0,balanced,0.7,"{'logit__C': 5, 'logit__class_weight': 'balanced', 'logit__l1_ratio': 0.7}",0.9375907111756169,0.9548762736535662,0.9319526627218935,0.9519650655021834,0.936046511627907,0.9424862449362335,0.009162462781237057,149
261,29.50354027748108,0.2126110942794391,0.044262933731079104,0.014170091944245332,5.0,balanced,0.8,"{'logit__C': 5, 'logit__class_weight': 'balanced', 'logit__l1_ratio': 0.8}",0.9375907111756169,0.9502923976608187,0.9364844903988183,0.9475218658892128,0.9385964912280702,0.9420971912705074,0.005668406781564826,167
262,29.64028606414795,0.3398816962292001,0.0386864185333252,0.010018449773963939,5.0,balanced,0.9,"{'logit__C': 5, 'logit__class_weight': 'balanced', 'logit__l1_ratio': 0.9}",0.9375907111756169,0.9558823529411765,0.9349112426035503,0.9504373177842566,0.9415204678362573,0.9440684184681715,0.007904916700853632,60
263,29.953781414031983,0.09380391908882242,0.031858968734741214,0.00784822657769334,5.0,balanced,1.0,"{'logit__C': 5, 'logit__class_weight': 'balanced', 'logit__l1_ratio': 1.0}",0.9364161849710982,0.9589442815249267,0.9349112426035503,0.945985401459854,0.9344978165938864,0.9421509854306631,0.009387122517070842,164
264,16.29377226829529,0.2206444396700269,0.022431135177612305,0.003192186058213088,10.0,,0.0,"{'logit__C': 10, 'logit__class_weight': None, 'logit__l1_ratio': 0.0}",0.9387755102040817,0.9484536082474226,0.9317507418397626,0.9475218658892128,0.9382352941176471,0.9409474040596253,0.006264469792424341,227
265,22.848962211608885,0.10194059280182242,0.028702211380004884,0.0026663434763738044,10.0,,0.1,"{'logit__C': 10, 'logit__class_weight': None, 'logit__l1_ratio': 0.1}",0.9420289855072463,0.9498525073746312,0.9299552906110283,0.9515418502202643,0.9354838709677419,0.9417725009361824,0.00824603905598143,185
266,24.00332589149475,0.27864124744195345,0.03948793411254883,0.010946224392294014,10.0,,0.2,"{'logit__C': 10, 'logit__class_weight': None, 'logit__l1_ratio': 0.2}",0.9404934687953556,0.9512555391432792,0.9301634472511144,0.9458272327964861,0.9372262773722628,0.9409931930716997,0.0072167369320377955,222
267,24.87676854133606,0.19614139983153325,0.04130454063415527,0.010178315574314756,10.0,,0.3,"{'logit__C': 10, 'logit__class_weight': None, 'logit__l1_ratio': 0.3}",0.9374090247452693,0.9558823529411765,0.9285714285714286,0.948905109489051,0.9323529411764706,0.9406241713846791,0.010250903049896896,239
268,25.154624509811402,0.19706369934992676,0.04533238410949707,0.0073647539611760805,10.0,,0.4,"{'logit__C': 10, 'logit__class_weight': None, 'logit__l1_ratio': 0.4}",0.9358600583090378,0.9543446244477173,0.9301634472511144,0.9504373177842566,0.9337260677466863,0.9409063031077626,0.009631801903748344,229
269,25.720666551589964,0.413757819933436,0.06444706916809081,0.022244782881121646,10.0,,0.5,"{'logit__C': 10, 'logit__class_weight': None, 'logit__l1_ratio': 0.5}",0.9375907111756169,0.9558823529411765,0.9349112426035503,0.9516837481698389,0.9354838709677419,0.9431103851715849,0.008859821359163628,106
270,27.035761404037476,0.31347465604002406,0.06172823905944824,0.04534613558568561,10.0,,0.6,"{'logit__C': 10, 'logit__class_weight': None, 'logit__l1_ratio': 0.6}",0.9401459854014599,0.9472140762463344,0.9269746646795827,0.9444444444444444,0.9352941176470588,0.938814657683776,0.007163753222173363,264
271,26.694865465164185,0.4044404180916517,0.03677101135253906,0.012234725604191084,10.0,,0.7,"{'logit__C': 10, 'logit__class_weight': None, 'logit__l1_ratio': 0.7}",0.938953488372093,0.9543446244477173,0.9319526627218935,0.9428989751098097,0.9385964912280702,0.9413492483759167,0.007387754896605679,209
272,26.553261518478394,0.13758768677004554,0.03979449272155762,0.013226552881081311,10.0,,0.8,"{'logit__C': 10, 'logit__class_weight': None, 'logit__l1_ratio': 0.8}",0.9387755102040817,0.9557522123893806,0.9333333333333333,0.9502923976608187,0.9370424597364568,0.9430391826648142,0.008515554621200858,109
273,26.62715525627136,0.21134506410476825,0.04103274345397949,0.012286179274084996,10.0,,0.9,"{'logit__C': 10, 'logit__class_weight': None, 'logit__l1_ratio': 0.9}",0.9430656934306569,0.9528023598820059,0.9317507418397626,0.948905109489051,0.9384164222873901,0.9429880653857733,0.007463446584373598,112
274,26.537769031524657,0.08276845951964336,0.03394637107849121,0.007841552408674738,10.0,,1.0,"{'logit__C': 10, 'logit__class_weight': None, 'logit__l1_ratio': 1.0}",0.9418604651162791,0.9512555391432792,0.9299552906110283,0.9458272327964861,0.933920704845815,0.9405638465025776,0.007750735910963197,242
275,15.868287611007691,0.11440348320999585,0.040268230438232425,0.027586800678885342,10.0,balanced,0.0,"{'logit__C': 10, 'logit__class_weight': 'balanced', 'logit__l1_ratio': 0.0}",0.936231884057971,0.9432314410480349,0.9319526627218935,0.948905109489051,0.9354838709677419,0.9391609936569385,0.006092245636817434,261
276,22.796079206466676,0.21398334552014095,0.11478819847106933,0.034607131516674945,10.0,balanced,0.1,"{'logit__C': 10, 'logit__class_weight': 'balanced', 'logit__l1_ratio': 0.1}",0.9346879535558781,0.9501466275659824,0.9303703703703704,0.9461426491994177,0.9415204678362573,0.9405736137055811,0.00724293384483319,241
277,23.154149436950682,0.3799741933722405,0.046752548217773436,0.019083002191243335,10.0,balanced,0.2,"{'logit__C': 10, 'logit__class_weight': 'balanced', 'logit__l1_ratio': 0.2}",0.9374090247452693,0.9472140762463344,0.9333333333333333,0.945985401459854,0.9374090247452693,0.940270172106012,0.005392099996752852,248
278,23.026963090896608,0.18392310227327696,0.025469970703125,0.005712829087728454,10.0,balanced,0.3,"{'logit__C': 10, 'logit__class_weight': 'balanced', 'logit__l1_ratio': 0.3}",0.9374090247452693,0.9544787077826725,0.9335302806499262,0.9475218658892128,0.9401459854014599,0.9426171728937082,0.007490730387756698,137
279,23.274761819839476,0.3217871722733502,0.022799587249755858,0.009208739508107017,10.0,balanced,0.4,"{'logit__C': 10, 'logit__class_weight': 'balanced', 'logit__l1_ratio': 0.4}",0.9375907111756169,0.9487554904831625,0.9335302806499262,0.9475218658892128,0.935672514619883,0.9406141725635603,0.0062887218286396835,240
280,23.970022344589232,0.1320229057303871,0.04883542060852051,0.011701491776020865,10.0,balanced,0.5,"{'logit__C': 10, 'logit__class_weight': 'balanced', 'logit__l1_ratio': 0.5}",0.936231884057971,0.9515418502202643,0.9335302806499262,0.9492017416545718,0.9358600583090378,0.9412731629783542,0.007522987698555642,210
281,24.52264323234558,0.1534728720423114,0.030643987655639648,0.005830729121478873,10.0,balanced,0.6,"{'logit__C': 10, 'logit__class_weight': 'balanced', 'logit__l1_ratio': 0.6}",0.9406657018813314,0.9574155653450808,0.9317507418397626,0.9504373177842566,0.9329446064139941,0.942642786652885,0.009955801426279083,133
282,24.94259934425354,0.13714355967658104,0.03618388175964356,0.0067404998164814845,10.0,balanced,0.7,"{'logit__C': 10, 'logit__class_weight': 'balanced', 'logit__l1_ratio': 0.7}",0.9387755102040817,0.95,0.9349112426035503,0.9476744186046512,0.9384164222873901,0.9419555187399347,0.005825443823097808,177
283,25.097402143478394,0.15990872474633078,0.03742561340332031,0.009416433602776518,10.0,balanced,0.8,"{'logit__C': 10, 'logit__class_weight': 'balanced', 'logit__l1_ratio': 0.8}",0.9406657018813314,0.9532163742690059,0.9333333333333333,0.9505813953488372,0.9358600583090378,0.9427313726283092,0.00789130172807087,128
284,25.45393533706665,0.16816340670767346,0.04064750671386719,0.014963878366329593,10.0,balanced,0.9,"{'logit__C': 10, 'logit__class_weight': 'balanced', 'logit__l1_ratio': 0.9}",0.9346879535558781,0.9472140762463344,0.9380530973451328,0.9461426491994177,0.9401459854014599,0.9412487523496447,0.004775095857274395,212
285,22.94450674057007,2.6923520771161544,0.028434085845947265,0.00411923928872102,10.0,balanced,1.0,"{'logit__C': 10, 'logit__class_weight': 'balanced', 'logit__l1_ratio': 1.0}",0.936046511627907,0.9501466275659824,0.9319526627218935,0.9504373177842566,0.9385964912280702,0.941435922185622,0.007535805667946437,204
