mean_fit_time,std_fit_time,mean_score_time,std_score_time,param_logit__C,param_logit__class_weight,param_logit__l1_ratio,params,split0_test_score,split1_test_score,split2_test_score,split3_test_score,split4_test_score,mean_test_score,std_test_score,rank_test_score
10.617737007141113,0.25802730235280447,0.015843629837036133,0.002962090292741669,0.001,,0.0,"{'logit__C': 0.001, 'logit__class_weight': None, 'logit__l1_ratio': 0.0}",0.9305135951661632,0.9235474006116208,0.9221374045801527,0.9374045801526718,0.960960960960961,0.9349127882943138,0.014117023003010046,266
6.562622976303101,0.07840928798602648,0.012658405303955077,0.001085706235456705,0.001,,0.1,"{'logit__C': 0.001, 'logit__class_weight': None, 'logit__l1_ratio': 0.1}",0.8985959438377535,0.9044585987261147,0.9073783359497645,0.9102362204724409,0.9076682316118936,0.9056674661195935,0.003981744397251171,269
4.884906816482544,0.3761130259851484,0.013095951080322266,0.0008371055052980405,0.001,,0.2,"{'logit__C': 0.001, 'logit__class_weight': None, 'logit__l1_ratio': 0.2}",0.8713826366559485,0.8632619439868204,0.8774193548387097,0.8733766233766234,0.8631921824104235,0.869726548253705,0.005652149956513019,272
4.175079488754273,0.061958790160781804,0.014241504669189452,0.0028343694178480927,0.001,,0.3,"{'logit__C': 0.001, 'logit__class_weight': None, 'logit__l1_ratio': 0.3}",0.8438538205980066,0.826530612244898,0.8330522765598651,0.8316498316498316,0.8302521008403362,0.8330677283785874,0.00581398488194517,274
3.9321635723114015,0.12446838559151192,0.011902761459350587,0.0017826118383483286,0.001,,0.4,"{'logit__C': 0.001, 'logit__class_weight': None, 'logit__l1_ratio': 0.4}",0.7902946273830156,0.7728085867620751,0.7951388888888888,0.7773851590106007,0.7859649122807018,0.7843184348650564,0.008198230389559621,277
3.440974235534668,0.12069940754614934,0.013586759567260742,0.0008977013769680066,0.001,,0.5,"{'logit__C': 0.001, 'logit__class_weight': None, 'logit__l1_ratio': 0.5}",0.7289377289377289,0.6994328922495274,0.7252747252747253,0.7302752293577982,0.7232472324723247,0.721433561658421,0.011283270877275762,280
3.2542798042297365,0.07847871103362494,0.01704888343811035,0.01519231508072424,0.001,,0.6,"{'logit__C': 0.001, 'logit__class_weight': None, 'logit__l1_ratio': 0.6}",0.6129032258064516,0.624,0.6338582677165354,0.6390532544378699,0.6284584980237155,0.6276546491969144,0.008944497860804385,282
3.3467944622039796,0.25745299468996,0.012740612030029297,0.005050047143810846,0.001,,0.7,"{'logit__C': 0.001, 'logit__class_weight': None, 'logit__l1_ratio': 0.7}",0.3962703962703963,0.43792325056433407,0.44594594594594594,0.38207547169811323,0.46357615894039733,0.42515824468383734,0.03085982225747119,283
2.927697277069092,0.46154678330216575,0.014179611206054687,0.004301527285126887,0.001,,0.8,"{'logit__C': 0.001, 'logit__class_weight': None, 'logit__l1_ratio': 0.8}",0.0,0.017391304347826087,0.0,0.0,0.005813953488372093,0.004641051567239636,0.006761105291811114,284
2.935274028778076,0.11106853473786696,0.013811779022216798,0.00264229922698759,0.001,,0.9,"{'logit__C': 0.001, 'logit__class_weight': None, 'logit__l1_ratio': 0.9}",0.0,0.0,0.0,0.0,0.0,0.0,0.0,285
2.5689138889312746,1.6105897061653882,0.01168065071105957,0.002278742923084644,0.001,,1.0,"{'logit__C': 0.001, 'logit__class_weight': None, 'logit__l1_ratio': 1.0}",0.0,0.0,0.0,0.0,0.0,0.0,0.0,285
8.836757326126099,0.18405660248795486,0.015011215209960937,0.00513001792906836,0.001,balanced,0.0,"{'logit__C': 0.001, 'logit__class_weight': 'balanced', 'logit__l1_ratio': 0.0}",0.9422222222222222,0.9279279279279279,0.9313432835820895,0.9491017964071856,0.9658246656760773,0.9432839791631006,0.01357531137218585,125
4.270606756210327,0.28339370363745037,0.018883180618286134,0.011752669630665855,0.001,balanced,0.1,"{'logit__C': 0.001, 'logit__class_weight': 'balanced', 'logit__l1_ratio': 0.1}",0.9271916790490342,0.9365558912386707,0.9285714285714286,0.9309309309309309,0.948301329394387,0.9343102518368903,0.007691828499601137,267
4.176563501358032,0.14850609747004836,0.015135955810546876,0.002890593053004992,0.001,balanced,0.2,"{'logit__C': 0.001, 'logit__class_weight': 'balanced', 'logit__l1_ratio': 0.2}",0.9216867469879518,0.9270516717325228,0.9107142857142857,0.9118541033434651,0.9187592319054653,0.918013207936738,0.00611480340993404,268
3.5193825721740724,0.07647460720368639,0.01687631607055664,0.003631036371844656,0.001,balanced,0.3,"{'logit__C': 0.001, 'logit__class_weight': 'balanced', 'logit__l1_ratio': 0.3}",0.9123867069486404,0.9118541033434651,0.8862275449101796,0.901840490797546,0.8909090909090909,0.9006435873817844,0.010654499567743489,270
3.311114454269409,0.07453728813817981,0.01711163520812988,0.005698556696780668,0.001,balanced,0.4,"{'logit__C': 0.001, 'logit__class_weight': 'balanced', 'logit__l1_ratio': 0.4}",0.8802395209580839,0.8956127080181543,0.866965620328849,0.8844984802431611,0.8787878787878788,0.8812208416672254,0.009251620029054698,271
3.0381853580474854,0.05692508457092453,0.01423039436340332,0.004021441870888462,0.001,balanced,0.5,"{'logit__C': 0.001, 'logit__class_weight': 'balanced', 'logit__l1_ratio': 0.5}",0.8313953488372093,0.8810572687224669,0.8419540229885057,0.8787878787878788,0.8643067846607669,0.8595002607993655,0.019786743075167746,273
2.8592578887939455,0.15547229729188428,0.01210613250732422,0.003432978195169336,0.001,balanced,0.6,"{'logit__C': 0.001, 'logit__class_weight': 'balanced', 'logit__l1_ratio': 0.6}",0.8169014084507042,0.8495821727019499,0.8129395218002813,0.8480463096960926,0.8186968838526912,0.829233259300344,0.01610332125054732,275
2.9852203845977785,0.1821539410536663,0.01439671516418457,0.003539772920325883,0.001,balanced,0.7,"{'logit__C': 0.001, 'logit__class_weight': 'balanced', 'logit__l1_ratio': 0.7}",0.8056737588652483,0.8294036061026352,0.7954866008462623,0.8419540229885057,0.7932011331444759,0.8131438243894256,0.019285737740412208,276
2.5631404399871824,0.3013644332807666,0.013194799423217773,0.002234680357742031,0.001,balanced,0.8,"{'logit__C': 0.001, 'logit__class_weight': 'balanced', 'logit__l1_ratio': 0.8}",0.7459138187221397,0.8011049723756906,0.7650429799426934,0.8214804063860668,0.7806267806267806,0.7828337916106742,0.026502321239937485,278
2.8645626068115235,0.21799450773895526,0.010457801818847656,0.0021126463315224255,0.001,balanced,0.9,"{'logit__C': 0.001, 'logit__class_weight': 'balanced', 'logit__l1_ratio': 0.9}",0.671875,0.7867435158501441,0.7101669195751138,0.7561728395061729,0.7533234859675036,0.7356563521797869,0.04015152355953354,279
3.7692314624786376,0.15857794066861142,0.010299158096313477,0.0014121824102434515,0.001,balanced,1.0,"{'logit__C': 0.001, 'logit__class_weight': 'balanced', 'logit__l1_ratio': 1.0}",0.671875,0.7280966767371602,0.6889226100151745,0.7264150943396226,0.7250384024577573,0.7080695567099429,0.023247526821927763,281
8.52152853012085,0.11806969599697642,0.013679313659667968,0.0020572109944884467,0.101,,0.0,"{'logit__C': 0.101, 'logit__class_weight': None, 'logit__l1_ratio': 0.0}",0.936046511627907,0.9335302806499262,0.9274074074074075,0.9413489736070382,0.9618768328445748,0.9400420012273706,0.011802266321062755,233
15.405348777770996,0.2469410761680052,0.012676191329956055,0.001307733390564136,0.101,,0.1,"{'logit__C': 0.101, 'logit__class_weight': None, 'logit__l1_ratio': 0.1}",0.9372262773722628,0.9349112426035503,0.9313432835820895,0.9472140762463344,0.9632892804698973,0.9427968320548269,0.011522585312112836,144
14.145432376861573,0.1674403292302159,0.012970542907714844,0.002468543748640088,0.101,,0.2,"{'logit__C': 0.101, 'logit__class_weight': None, 'logit__l1_ratio': 0.2}",0.9399707174231332,0.9378698224852071,0.9327354260089686,0.9472140762463344,0.967741935483871,0.9451063955295028,0.012235963819377357,5
13.411285781860352,0.21275017393181767,0.01119680404663086,0.0033522152130501673,0.101,,0.3,"{'logit__C': 0.101, 'logit__class_weight': None, 'logit__l1_ratio': 0.3}",0.9427312775330396,0.9376854599406528,0.9281437125748503,0.943952802359882,0.9632892804698973,0.9431605065756644,0.011501823736993282,132
12.424179744720458,0.1745340205492415,0.01345682144165039,0.0029070103498633326,0.101,,0.4,"{'logit__C': 0.101, 'logit__class_weight': None, 'logit__l1_ratio': 0.4}",0.9456681350954479,0.9404761904761905,0.929745889387145,0.943952802359882,0.961764705882353,0.9443215446402036,0.010329081523018223,51
12.553720188140868,0.18630783773126058,0.01268768310546875,0.0008774821595565546,0.101,,0.5,"{'logit__C': 0.101, 'logit__class_weight': None, 'logit__l1_ratio': 0.5}",0.9441176470588235,0.9434523809523809,0.9313432835820895,0.9455081001472754,0.9572901325478645,0.9443423088576868,0.008231917277997106,49
12.204905605316162,0.23976793565361043,0.010690021514892577,0.002784028807884621,0.101,,0.6,"{'logit__C': 0.101, 'logit__class_weight': None, 'logit__l1_ratio': 0.6}",0.9441176470588235,0.9402985074626866,0.929745889387145,0.9451851851851852,0.9543446244477173,0.9427383707083115,0.007966830407847321,146
11.909230184555053,0.20533623069671983,0.011881256103515625,0.004239920801951883,0.101,,0.7,"{'logit__C': 0.101, 'logit__class_weight': None, 'logit__l1_ratio': 0.7}",0.9441176470588235,0.9402985074626866,0.9315476190476191,0.943952802359882,0.9528023598820059,0.9425437871622033,0.006865240959823882,151
11.663790416717529,0.11515229369397455,0.011110925674438476,0.0019530953464641152,0.101,,0.8,"{'logit__C': 0.101, 'logit__class_weight': None, 'logit__l1_ratio': 0.8}",0.9425625920471281,0.9387144992526159,0.9329359165424739,0.9423929098966026,0.9528023598820059,0.9418816555241654,0.006481419042616643,169
11.351151132583619,0.1362988551929988,0.011988162994384766,0.0017893520756852048,0.101,,0.9,"{'logit__C': 0.101, 'logit__class_weight': None, 'logit__l1_ratio': 0.9}",0.9410029498525073,0.937125748502994,0.9313432835820895,0.9451851851851852,0.9529411764705882,0.9415196687186729,0.00730779307301202,175
11.2274019241333,0.19303359598029615,0.012127351760864259,0.0027408625296432908,0.101,,1.0,"{'logit__C': 0.101, 'logit__class_weight': None, 'logit__l1_ratio': 1.0}",0.9364844903988183,0.9417040358744395,0.9281437125748503,0.9451851851851852,0.9515418502202643,0.9406118548507116,0.007925436488233609,213
8.269769382476806,0.14207266464514307,0.010591077804565429,0.0025864451821023056,0.101,balanced,0.0,"{'logit__C': 0.101, 'logit__class_weight': 'balanced', 'logit__l1_ratio': 0.0}",0.936231884057971,0.9337260677466863,0.9292035398230089,0.9415204678362573,0.960352422907489,0.9402068764742826,0.010829990095040876,229
14.720173645019532,0.15443524017558932,0.0120391845703125,0.0024120153277982243,0.101,balanced,0.1,"{'logit__C': 0.101, 'logit__class_weight': 'balanced', 'logit__l1_ratio': 0.1}",0.9346879535558781,0.9349112426035503,0.9347181008902077,0.9487554904831625,0.9649122807017544,0.9435970136469105,0.011954911584398301,110
13.864998769760131,0.267607058175286,0.010806989669799805,0.001376896588728088,0.101,balanced,0.2,"{'logit__C': 0.101, 'logit__class_weight': 'balanced', 'logit__l1_ratio': 0.2}",0.936046511627907,0.9366715758468336,0.9347181008902077,0.9458272327964861,0.9664233576642336,0.9439373557651336,0.011910025659653156,100
13.372558689117431,0.4071728360368374,0.012409067153930664,0.00368862201413134,0.101,balanced,0.3,"{'logit__C': 0.101, 'logit__class_weight': 'balanced', 'logit__l1_ratio': 0.3}",0.9401459854014599,0.9408284023668639,0.9333333333333333,0.9442815249266863,0.9633967789165446,0.9443972049889776,0.010141160362161368,45
13.005459260940551,0.3279732900548692,0.012795782089233399,0.0023008815869615187,0.101,balanced,0.4,"{'logit__C': 0.101, 'logit__class_weight': 'balanced', 'logit__l1_ratio': 0.4}",0.9401459854014599,0.9378698224852071,0.9333333333333333,0.9442815249266863,0.9620991253644315,0.9435459583022237,0.009928112696696856,111
12.083281469345092,0.21723105361535505,0.012117338180541993,0.0027752784112621454,0.101,balanced,0.5,"{'logit__C': 0.101, 'logit__class_weight': 'balanced', 'logit__l1_ratio': 0.5}",0.9442815249266863,0.9392592592592592,0.9335302806499262,0.9442815249266863,0.9605839416058394,0.9443873062736795,0.009016931263424982,46
11.678790187835693,0.18471699719917675,0.01545419692993164,0.0023028501976377343,0.101,balanced,0.6,"{'logit__C': 0.101, 'logit__class_weight': 'balanced', 'logit__l1_ratio': 0.6}",0.9442815249266863,0.9406528189910979,0.9351032448377581,0.9444444444444444,0.9560117302052786,0.9440987526810531,0.006853693344994415,81
11.464004182815552,0.15056583152979852,0.013007259368896485,0.0017083936920052542,0.101,balanced,0.7,"{'logit__C': 0.101, 'logit__class_weight': 'balanced', 'logit__l1_ratio': 0.7}",0.9442815249266863,0.9408284023668639,0.9349112426035503,0.948905109489051,0.9546120058565154,0.9447076570485334,0.006736685739278329,12
11.508561611175537,0.21945621740709828,0.014145994186401367,0.0019000194915032365,0.101,balanced,0.8,"{'logit__C': 0.101, 'logit__class_weight': 'balanced', 'logit__l1_ratio': 0.8}",0.9415204678362573,0.9422222222222222,0.9347181008902077,0.9456681350954479,0.956140350877193,0.9440538553842656,0.007008830384144152,92
11.288203811645507,0.42283075001745823,0.011316823959350585,0.002564317157950483,0.101,balanced,0.9,"{'logit__C': 0.101, 'logit__class_weight': 'balanced', 'logit__l1_ratio': 0.9}",0.9415204678362573,0.9437869822485208,0.9362962962962963,0.9442815249266863,0.9546120058565154,0.9440994554328552,0.005969672934682079,80
11.715877389907837,0.33701483085263884,0.019102859497070312,0.008833626145214728,0.101,balanced,1.0,"{'logit__C': 0.101, 'logit__class_weight': 'balanced', 'logit__l1_ratio': 1.0}",0.9399707174231332,0.9423929098966026,0.9362962962962963,0.9456681350954479,0.956140350877193,0.9440936819177346,0.006757097306515734,82
8.306178951263428,0.16967197652701985,0.01142420768737793,0.002538932228808479,0.201,,0.0,"{'logit__C': 0.201, 'logit__class_weight': None, 'logit__l1_ratio': 0.0}",0.9346879535558781,0.9335302806499262,0.9274074074074075,0.9413489736070382,0.9618768328445748,0.9397702896129649,0.011906302573751758,251
15.556789255142212,0.2772252186799744,0.010392332077026367,0.0024076759657550555,0.201,,0.1,"{'logit__C': 0.201, 'logit__class_weight': None, 'logit__l1_ratio': 0.1}",0.9358600583090378,0.9378698224852071,0.9303703703703704,0.9487554904831625,0.9691629955947136,0.9444037474484983,0.013744675390566313,40
14.759546995162964,0.21373451421447834,0.012367343902587891,0.004472432415211786,0.201,,0.2,"{'logit__C': 0.201, 'logit__class_weight': None, 'logit__l1_ratio': 0.2}",0.9387755102040817,0.9349112426035503,0.9315476190476191,0.9456681350954479,0.9663250366032211,0.943445508710784,0.01236620578112089,119
14.33571481704712,0.24802953273612946,0.012930774688720703,0.0035039740806003645,0.201,,0.3,"{'logit__C': 0.201, 'logit__class_weight': None, 'logit__l1_ratio': 0.3}",0.9385964912280702,0.9349112426035503,0.9311377245508982,0.9470588235294117,0.9663250366032211,0.9436058637030303,0.012523805263614646,109
13.793114757537841,0.2562664649750575,0.019276905059814452,0.012757412903450302,0.201,,0.4,"{'logit__C': 0.201, 'logit__class_weight': None, 'logit__l1_ratio': 0.4}",0.9399707174231332,0.9362962962962963,0.9313432835820895,0.9472140762463344,0.9663250366032211,0.9442298820302149,0.012200393075925383,66
13.659962844848632,0.36681801529666413,0.012365341186523438,0.002005670587706494,0.201,,0.5,"{'logit__C': 0.201, 'logit__class_weight': None, 'logit__l1_ratio': 0.5}",0.9427312775330396,0.9392592592592592,0.9295352323838081,0.9441176470588235,0.9648093841642229,0.9440905600798306,0.011543977530677109,84
13.912722778320312,0.17989691804520905,0.013689756393432617,0.00569006108990062,0.201,,0.6,"{'logit__C': 0.201, 'logit__class_weight': None, 'logit__l1_ratio': 0.6}",0.9399707174231332,0.9376854599406528,0.9281437125748503,0.9425625920471281,0.9632892804698973,0.9423303524911324,0.011556247261151027,162
13.269455003738404,0.2577457410907962,0.012323427200317382,0.0038860329874155085,0.201,,0.7,"{'logit__C': 0.201, 'logit__class_weight': None, 'logit__l1_ratio': 0.7}",0.9442815249266863,0.9418777943368107,0.929745889387145,0.943952802359882,0.9632892804698973,0.9446294582960842,0.01075044336253878,17
12.654868745803833,0.14580804003184522,0.012216711044311523,0.0026283262412676043,0.201,,0.8,"{'logit__C': 0.201, 'logit__class_weight': None, 'logit__l1_ratio': 0.8}",0.9456681350954479,0.9418777943368107,0.9311377245508982,0.943952802359882,0.9602356406480118,0.9445744193982101,0.009323872885722019,20
12.57375659942627,0.42747617453441444,0.013381338119506836,0.0011182871162203898,0.201,,0.9,"{'logit__C': 0.201, 'logit__class_weight': None, 'logit__l1_ratio': 0.9}",0.9456681350954479,0.9420505200594353,0.9313432835820895,0.9455081001472754,0.9588235294117647,0.9446787136592025,0.00879185698630795,13
12.922229051589966,0.22937787672466706,0.013829183578491212,0.0036189483583069634,0.201,,1.0,"{'logit__C': 0.201, 'logit__class_weight': None, 'logit__l1_ratio': 1.0}",0.9441176470588235,0.9404761904761905,0.9329359165424739,0.9455081001472754,0.9572901325478645,0.9440655973545257,0.007921180357434878,89
8.700130891799926,0.07066977459100839,0.013140630722045899,0.0020010224254122986,0.201,balanced,0.0,"{'logit__C': 0.201, 'logit__class_weight': 'balanced', 'logit__l1_ratio': 0.0}",0.9377713458755427,0.9337260677466863,0.9292035398230089,0.9430656934306569,0.9618768328445748,0.941128695944094,0.01133593574724342,196
15.281221628189087,0.28338874185337126,0.012305402755737304,0.0022528204093802194,0.201,balanced,0.1,"{'logit__C': 0.201, 'logit__class_weight': 'balanced', 'logit__l1_ratio': 0.1}",0.9358600583090378,0.9366715758468336,0.9292035398230089,0.945985401459854,0.9649122807017544,0.9425265712280977,0.012404112434565191,155
15.051426315307618,0.3841886176815731,0.012488460540771485,0.0023421704840653843,0.201,balanced,0.2,"{'logit__C': 0.201, 'logit__class_weight': 'balanced', 'logit__l1_ratio': 0.2}",0.9346879535558781,0.9349112426035503,0.9349112426035503,0.9487554904831625,0.9649122807017544,0.943635641989579,0.011926438035609386,107
16.150799798965455,0.6189526766388356,0.013965559005737305,0.0045754822474067865,0.201,balanced,0.3,"{'logit__C': 0.201, 'logit__class_weight': 'balanced', 'logit__l1_ratio': 0.3}",0.934876989869754,0.9335302806499262,0.9378698224852071,0.9473684210526315,0.967930029154519,0.9443151086424075,0.012758679413717505,52
15.706671857833863,0.38008042747425475,0.01557016372680664,0.002194739838971249,0.201,balanced,0.4,"{'logit__C': 0.201, 'logit__class_weight': 'balanced', 'logit__l1_ratio': 0.4}",0.936046511627907,0.9382352941176471,0.9347181008902077,0.9458272327964861,0.9664233576642336,0.9442500994192964,0.011734363743402991,62
15.383304405212403,0.32468963440783216,0.01534719467163086,0.0037358966988692904,0.201,balanced,0.5,"{'logit__C': 0.201, 'logit__class_weight': 'balanced', 'logit__l1_ratio': 0.5}",0.9387755102040817,0.9394387001477105,0.9331352154531947,0.9458272327964861,0.9633967789165446,0.9441146875036035,0.010446552915972825,78
14.730578947067261,0.13841028755459414,0.017259740829467775,0.004026935857189866,0.201,balanced,0.6,"{'logit__C': 0.201, 'logit__class_weight': 'balanced', 'logit__l1_ratio': 0.6}",0.9401459854014599,0.9408284023668639,0.9301634472511144,0.945985401459854,0.9605839416058394,0.9435414356170263,0.009942637313318712,113
13.945775127410888,0.5326646755655524,0.011348342895507813,0.0014305329209945304,0.201,balanced,0.7,"{'logit__C': 0.201, 'logit__class_weight': 'balanced', 'logit__l1_ratio': 0.7}",0.9401459854014599,0.9364844903988183,0.9333333333333333,0.9442815249266863,0.9605839416058394,0.9429658551332274,0.009538062573834034,139
13.623532819747926,0.25372245405019117,0.01204819679260254,0.0007354397612603312,0.201,balanced,0.8,"{'logit__C': 0.201, 'logit__class_weight': 'balanced', 'logit__l1_ratio': 0.8}",0.9401459854014599,0.9378698224852071,0.9333333333333333,0.9442815249266863,0.9620991253644315,0.9435459583022237,0.009928112696696856,111
13.551142168045043,0.2864301242610426,0.011025047302246094,0.0023083051624711096,0.201,balanced,0.9,"{'logit__C': 0.201, 'logit__class_weight': 'balanced', 'logit__l1_ratio': 0.9}",0.9442815249266863,0.9378698224852071,0.9335302806499262,0.9442815249266863,0.9620991253644315,0.9444124556705875,0.009737354391797442,39
13.844677257537843,0.17064823931485318,0.010547161102294922,0.0027695491898720396,0.201,balanced,1.0,"{'logit__C': 0.201, 'logit__class_weight': 'balanced', 'logit__l1_ratio': 1.0}",0.9442815249266863,0.9406528189910979,0.9366715758468336,0.9415204678362573,0.9576642335766423,0.9441581242355035,0.007179457085020006,73
9.540361356735229,0.16355839576336895,0.009860467910766602,0.0037059171821773283,0.301,,0.0,"{'logit__C': 0.301, 'logit__class_weight': None, 'logit__l1_ratio': 0.0}",0.9346879535558781,0.9335302806499262,0.9274074074074075,0.9399707174231332,0.9618768328445748,0.939494638376184,0.011882493130828144,255
15.875990390777588,0.2884149897588287,0.01333465576171875,0.00424173072733987,0.301,,0.1,"{'logit__C': 0.301, 'logit__class_weight': None, 'logit__l1_ratio': 0.1}",0.9358600583090378,0.9333333333333333,0.9303703703703704,0.9444444444444444,0.9648093841642229,0.9417635181242817,0.012442041445094502,171
15.96357183456421,0.18002631408987807,0.010028743743896484,0.0018027412180345133,0.301,,0.2,"{'logit__C': 0.301, 'logit__class_weight': None, 'logit__l1_ratio': 0.2}",0.9358600583090378,0.9378698224852071,0.9317507418397626,0.9487554904831625,0.9662261380323054,0.9440924502298952,0.012413341362524293,83
14.764237403869629,0.3117105376644704,0.012068843841552735,0.004391865727487393,0.301,,0.3,"{'logit__C': 0.301, 'logit__class_weight': None, 'logit__l1_ratio': 0.3}",0.9387755102040817,0.9349112426035503,0.9315476190476191,0.9456681350954479,0.9663250366032211,0.943445508710784,0.01236620578112089,119
14.384367322921753,0.154713559927797,0.01151137351989746,0.0021688477962183224,0.301,,0.4,"{'logit__C': 0.301, 'logit__class_weight': None, 'logit__l1_ratio': 0.4}",0.9341142020497804,0.9349112426035503,0.929745889387145,0.9456681350954479,0.9648093841642229,0.9418497706600293,0.012619111651824895,170
14.212954187393189,0.272898947829051,0.010185766220092773,0.0031083305443283067,0.301,,0.5,"{'logit__C': 0.301, 'logit__class_weight': None, 'logit__l1_ratio': 0.5}",0.9399707174231332,0.9349112426035503,0.9299552906110283,0.9472140762463344,0.9693430656934306,0.9442788785154954,0.013771760160874124,59
13.768165445327758,0.14786506321992798,0.01080012321472168,0.0030278742779844712,0.301,,0.6,"{'logit__C': 0.301, 'logit__class_weight': None, 'logit__l1_ratio': 0.6}",0.9399707174231332,0.9362962962962963,0.929745889387145,0.9472140762463344,0.9663250366032211,0.943910403191226,0.012549575655885003,101
13.431488513946533,0.34223985215791236,0.012597322463989258,0.002086878887901004,0.301,,0.7,"{'logit__C': 0.301, 'logit__class_weight': None, 'logit__l1_ratio': 0.7}",0.9413489736070382,0.9392592592592592,0.9295352323838081,0.9472140762463344,0.9648093841642229,0.9444333851321325,0.011671792561086988,35
13.143041467666626,0.15818525229566063,0.012359905242919921,0.003377754244245366,0.301,,0.8,"{'logit__C': 0.301, 'logit__class_weight': None, 'logit__l1_ratio': 0.8}",0.9413489736070382,0.9392592592592592,0.9281437125748503,0.9441176470588235,0.9632892804698973,0.9432317745939738,0.011402313318976535,127
13.019298362731934,0.19362923421409048,0.01047220230102539,0.0010031418420604133,0.301,,0.9,"{'logit__C': 0.301, 'logit__class_weight': None, 'logit__l1_ratio': 0.9}",0.9415204678362573,0.9390787518573551,0.9281437125748503,0.9425625920471281,0.9632892804698973,0.9429189609570976,0.011402524891877446,140
12.964340019226075,0.30090099722600555,0.009883308410644531,0.0030957976070559996,0.301,,1.0,"{'logit__C': 0.301, 'logit__class_weight': None, 'logit__l1_ratio': 1.0}",0.9442815249266863,0.9418777943368107,0.9281437125748503,0.943952802359882,0.9632892804698973,0.9443090229336253,0.011203624028556472,55
8.571585178375244,0.06941536222234068,0.010141372680664062,0.0021231108257869437,0.301,balanced,0.0,"{'logit__C': 0.301, 'logit__class_weight': 'balanced', 'logit__l1_ratio': 0.0}",0.9393063583815029,0.9337260677466863,0.9292035398230089,0.9430656934306569,0.9618768328445748,0.9414356984452861,0.011261394748064686,183
14.042936944961548,0.10655144335023989,0.011554145812988281,0.0030820113617228487,0.301,balanced,0.1,"{'logit__C': 0.301, 'logit__class_weight': 'balanced', 'logit__l1_ratio': 0.1}",0.9331395348837209,0.9351032448377581,0.9303703703703704,0.945985401459854,0.9619883040935673,0.9413173711290541,0.01161384668077677,186
14.255475330352784,0.3001489496731883,0.015551424026489258,0.00240676233644101,0.301,balanced,0.2,"{'logit__C': 0.301, 'logit__class_weight': 'balanced', 'logit__l1_ratio': 0.2}",0.936046511627907,0.9366715758468336,0.930780559646539,0.9487554904831625,0.9633967789165446,0.9431301833041974,0.011719933427829,135
13.83626685142517,0.2897588224436865,0.013274383544921876,0.0023583589134970008,0.301,balanced,0.3,"{'logit__C': 0.301, 'logit__class_weight': 'balanced', 'logit__l1_ratio': 0.3}",0.936046511627907,0.9349112426035503,0.9364844903988183,0.9487554904831625,0.9649122807017544,0.9442220031630384,0.011506851174186754,67
13.518329095840453,0.310415963849434,0.01604294776916504,0.0019473661576642077,0.301,balanced,0.4,"{'logit__C': 0.301, 'logit__class_weight': 'balanced', 'logit__l1_ratio': 0.4}",0.9364161849710982,0.9349112426035503,0.9349112426035503,0.9473684210526315,0.967930029154519,0.9443074240770699,0.012698387931731829,56
13.671080398559571,0.2664335690196149,0.011359977722167968,0.001723620093277775,0.301,balanced,0.5,"{'logit__C': 0.301, 'logit__class_weight': 'balanced', 'logit__l1_ratio': 0.5}",0.936046511627907,0.9366715758468336,0.9362962962962963,0.9473684210526315,0.967930029154519,0.9448625667956374,0.012301083504695417,9
13.226117038726807,0.23847560883235772,0.011466121673583985,0.0019296955550807432,0.301,balanced,0.6,"{'logit__C': 0.301, 'logit__class_weight': 'balanced', 'logit__l1_ratio': 0.6}",0.936046511627907,0.9382352941176471,0.9347181008902077,0.9458272327964861,0.9664233576642336,0.9442500994192964,0.011734363743402991,62
12.662158489227295,0.09067262991813192,0.01172466278076172,0.0017643123664743876,0.301,balanced,0.7,"{'logit__C': 0.301, 'logit__class_weight': 'balanced', 'logit__l1_ratio': 0.7}",0.9374090247452693,0.9394387001477105,0.9347181008902077,0.9458272327964861,0.9649122807017544,0.9444610678562857,0.010862775043572947,34
12.721882581710815,0.2959649801704454,0.013676023483276368,0.0038833069967258364,0.301,balanced,0.8,"{'logit__C': 0.301, 'logit__class_weight': 'balanced', 'logit__l1_ratio': 0.8}",0.9401459854014599,0.9408284023668639,0.9317507418397626,0.9458272327964861,0.9618768328445748,0.9440858390498296,0.009978375379604262,85
12.635958385467529,0.2705392076347185,0.014298009872436523,0.005282010859650396,0.301,balanced,0.9,"{'logit__C': 0.301, 'logit__class_weight': 'balanced', 'logit__l1_ratio': 0.9}",0.9401459854014599,0.9408284023668639,0.9317507418397626,0.945985401459854,0.9605839416058394,0.9438588945347559,0.009527078984972145,104
12.81400270462036,0.19826317141025943,0.011780405044555664,0.0007427772263303849,0.301,balanced,1.0,"{'logit__C': 0.301, 'logit__class_weight': 'balanced', 'logit__l1_ratio': 1.0}",0.9401459854014599,0.9364844903988183,0.9317507418397626,0.9428989751098097,0.9605839416058394,0.9423728268711381,0.009842576406669272,161
8.295891952514648,0.07029840167245094,0.010567474365234374,0.0025368522931230294,0.401,,0.0,"{'logit__C': 0.401, 'logit__class_weight': None, 'logit__l1_ratio': 0.0}",0.9346879535558781,0.9335302806499262,0.9274074074074075,0.9399707174231332,0.9618768328445748,0.939494638376184,0.011882493130828144,255
13.780541229248048,0.13542022782858865,0.010811805725097656,0.0017667288072503926,0.401,,0.1,"{'logit__C': 0.401, 'logit__class_weight': None, 'logit__l1_ratio': 0.1}",0.9344978165938864,0.9319526627218935,0.9303703703703704,0.9444444444444444,0.9633967789165446,0.940932414609428,0.012252173614310257,197
14.144496536254882,0.08292107732706194,0.012132692337036132,0.001517790684307029,0.401,,0.2,"{'logit__C': 0.401, 'logit__class_weight': None, 'logit__l1_ratio': 0.2}",0.9358600583090378,0.9378698224852071,0.9303703703703704,0.9487554904831625,0.9691629955947136,0.9444037474484983,0.013744675390566313,40
13.682843685150146,0.08542282303320517,0.010232257843017577,0.002674993020425765,0.401,,0.3,"{'logit__C': 0.401, 'logit__class_weight': None, 'logit__l1_ratio': 0.3}",0.9372262773722628,0.9378698224852071,0.9331352154531947,0.9487554904831625,0.9662261380323054,0.9446425887652266,0.011967098544003522,14
13.401187992095947,0.13484899865765815,0.012878036499023438,0.0037095083032996955,0.401,,0.4,"{'logit__C': 0.401, 'logit__class_weight': None, 'logit__l1_ratio': 0.4}",0.9387755102040817,0.9349112426035503,0.9315476190476191,0.9456681350954479,0.9663250366032211,0.943445508710784,0.01236620578112089,119
13.38129506111145,0.15913887719639289,0.010429954528808594,0.002903241979178984,0.401,,0.5,"{'logit__C': 0.401, 'logit__class_weight': None, 'logit__l1_ratio': 0.5}",0.9327485380116959,0.9349112426035503,0.929745889387145,0.9456681350954479,0.9648093841642229,0.9415766378524124,0.012797111398658306,174
12.76972155570984,0.18246077752962453,0.011767768859863281,0.003444980523526926,0.401,,0.6,"{'logit__C': 0.401, 'logit__class_weight': None, 'logit__l1_ratio': 0.6}",0.9385964912280702,0.9349112426035503,0.929745889387145,0.9470588235294117,0.9678362573099415,0.9436297408116238,0.013355307499419732,108
12.702085018157959,0.20565400081489485,0.013004016876220704,0.0029958468750792833,0.401,,0.7,"{'logit__C': 0.401, 'logit__class_weight': None, 'logit__l1_ratio': 0.7, 'MODEL_NAME': 'logit', 'TIME_ELAPSED_MIN': 27.50550220012665}",0.9415204678362573,0.9364844903988183,0.9313432835820895,0.9472140762463344,0.9693430656934306,0.9451810767513861,0.013179150110651013,1
12.605737257003785,0.14770049132823174,0.011818122863769532,0.0005942737616554754,0.401,,0.8,"{'logit__C': 0.401, 'logit__class_weight': None, 'logit__l1_ratio': 0.8}",0.9399707174231332,0.9362962962962963,0.929745889387145,0.9472140762463344,0.9663250366032211,0.943910403191226,0.012549575655885003,101
12.649118614196777,0.28587537446371547,0.013941669464111328,0.0022253338643016744,0.401,,0.9,"{'logit__C': 0.401, 'logit__class_weight': None, 'logit__l1_ratio': 0.9}",0.9413489736070382,0.9392592592592592,0.9295352323838081,0.9472140762463344,0.9648093841642229,0.9444333851321325,0.011671792561086988,35
12.525976181030273,0.12912746319909324,0.01073598861694336,0.001880769527261959,0.401,,1.0,"{'logit__C': 0.401, 'logit__class_weight': None, 'logit__l1_ratio': 1.0}",0.9413489736070382,0.9392592592592592,0.9281437125748503,0.9441176470588235,0.9648093841642229,0.9435357953328388,0.01194061384415098,114
7.616339111328125,0.16611498519208195,0.013213491439819336,0.0015575481123713756,0.401,balanced,0.0,"{'logit__C': 0.401, 'logit__class_weight': 'balanced', 'logit__l1_ratio': 0.0}",0.9393063583815029,0.9337260677466863,0.9292035398230089,0.9430656934306569,0.9633967789165446,0.9417396876596801,0.011815939159302267,173
13.58201723098755,0.25154810471205963,0.012247228622436523,0.0029723775029860517,0.401,balanced,0.1,"{'logit__C': 0.401, 'logit__class_weight': 'balanced', 'logit__l1_ratio': 0.1}",0.9331395348837209,0.9321533923303835,0.9289940828402367,0.945985401459854,0.9619883040935673,0.9404521431215525,0.012231547952692769,221
14.179594135284423,0.2961404625721329,0.012578010559082031,0.002713012558704551,0.401,balanced,0.2,"{'logit__C': 0.401, 'logit__class_weight': 'balanced', 'logit__l1_ratio': 0.2}",0.9358600583090378,0.9366715758468336,0.9292035398230089,0.9446064139941691,0.9649122807017544,0.9422507737349607,0.012339302610115687,163
13.729766464233398,0.2706611476922612,0.013003110885620117,0.0008783682413723885,0.401,balanced,0.3,"{'logit__C': 0.401, 'logit__class_weight': 'balanced', 'logit__l1_ratio': 0.3}",0.936046511627907,0.9396170839469808,0.9335302806499262,0.9487554904831625,0.9663250366032211,0.9448548806622397,0.011911765595573134,11
13.473181009292603,0.09430856470902355,0.014096212387084962,0.0017186096787258364,0.401,balanced,0.4,"{'logit__C': 0.401, 'logit__class_weight': 'balanced', 'logit__l1_ratio': 0.4}",0.936046511627907,0.9349112426035503,0.9364844903988183,0.9487554904831625,0.9649122807017544,0.9442220031630384,0.011506851174186754,67
13.055156373977661,0.311381401339075,0.011108303070068359,0.003380246378602238,0.401,balanced,0.5,"{'logit__C': 0.401, 'logit__class_weight': 'balanced', 'logit__l1_ratio': 0.5}",0.9377713458755427,0.9349112426035503,0.9349112426035503,0.9487554904831625,0.9664233576642336,0.944554535846008,0.012065581319407801,21
13.02450442314148,0.26652291916069115,0.01260995864868164,0.003474284890170105,0.401,balanced,0.6,"{'logit__C': 0.401, 'logit__class_weight': 'balanced', 'logit__l1_ratio': 0.6}",0.934876989869754,0.9335302806499262,0.9362962962962963,0.9473684210526315,0.967930029154519,0.9440004034046254,0.012932006362282717,97
12.901314830780029,0.16659699991165047,0.011378192901611328,0.0003243825302037812,0.401,balanced,0.7,"{'logit__C': 0.401, 'logit__class_weight': 'balanced', 'logit__l1_ratio': 0.7}",0.9374090247452693,0.9366715758468336,0.9347181008902077,0.945985401459854,0.9665211062590975,0.9442610418402525,0.011782204703196145,60
12.631963300704957,0.18779418036024426,0.011579179763793945,0.0020362053378756824,0.401,balanced,0.8,"{'logit__C': 0.401, 'logit__class_weight': 'balanced', 'logit__l1_ratio': 0.8}",0.936046511627907,0.9382352941176471,0.9347181008902077,0.9458272327964861,0.9664233576642336,0.9442500994192964,0.011734363743402991,62
12.18348741531372,0.06853039324097945,0.014410448074340821,0.002408572005128138,0.401,balanced,0.9,"{'logit__C': 0.401, 'logit__class_weight': 'balanced', 'logit__l1_ratio': 0.9}",0.9374090247452693,0.9380530973451328,0.9347181008902077,0.9458272327964861,0.9663250366032211,0.9444664984760633,0.011537921753644993,33
12.618681859970092,0.21803724088605378,0.011990833282470702,0.00130229073360647,0.401,balanced,1.0,"{'logit__C': 0.401, 'logit__class_weight': 'balanced', 'logit__l1_ratio': 1.0}",0.9387755102040817,0.9394387001477105,0.9331352154531947,0.9458272327964861,0.9633967789165446,0.9441146875036035,0.010446552915972825,78
7.7524655818939205,0.19164115157876643,0.012473583221435547,0.00173925583780846,0.501,,0.0,"{'logit__C': 0.501, 'logit__class_weight': None, 'logit__l1_ratio': 0.0}",0.9346879535558781,0.9335302806499262,0.9274074074074075,0.9399707174231332,0.9618768328445748,0.939494638376184,0.011882493130828144,255
13.72213077545166,0.16816034355556198,0.010533809661865234,0.002738204359238251,0.501,,0.1,"{'logit__C': 0.501, 'logit__class_weight': None, 'logit__l1_ratio': 0.1}",0.9344978165938864,0.9319526627218935,0.9303703703703704,0.9428989751098097,0.9632892804698973,0.9406018210531715,0.012138757143122904,214
14.016515636444092,0.2604054687704865,0.013768911361694336,0.002151373939813965,0.501,,0.2,"{'logit__C': 0.501, 'logit__class_weight': None, 'logit__l1_ratio': 0.2}",0.9358600583090378,0.9362962962962963,0.9303703703703704,0.9473684210526315,0.9663250366032211,0.9432440365263114,0.012792721533612902,126
13.690247774124146,0.45248456521899544,0.013391876220703125,0.001914297241473579,0.501,,0.3,"{'logit__C': 0.501, 'logit__class_weight': None, 'logit__l1_ratio': 0.3}",0.9358600583090378,0.9394387001477105,0.9303703703703704,0.9487554904831625,0.9662261380323054,0.9441301514685174,0.01256472932822982,74
13.467107248306274,0.22901993618955513,0.013030052185058594,0.0023870047021855413,0.501,,0.4,"{'logit__C': 0.501, 'logit__class_weight': None, 'logit__l1_ratio': 0.4}",0.9372262773722628,0.9362962962962963,0.9315476190476191,0.9487554904831625,0.9663250366032211,0.9440301439605123,0.012500476520149392,95
13.461604785919189,0.14327561457715665,0.009502601623535157,0.001788543689787324,0.501,,0.5,"{'logit__C': 0.501, 'logit__class_weight': None, 'logit__l1_ratio': 0.5}",0.9387755102040817,0.9349112426035503,0.9315476190476191,0.9456681350954479,0.9663250366032211,0.943445508710784,0.01236620578112089,119
13.062660312652588,0.17133076472423014,0.012296390533447266,0.0039741412837715805,0.501,,0.6,"{'logit__C': 0.501, 'logit__class_weight': None, 'logit__l1_ratio': 0.6}",0.9343065693430657,0.9349112426035503,0.9329359165424739,0.9456681350954479,0.9648093841642229,0.9425262495497522,0.012032751087845737,156
12.925807523727418,0.39819475746741084,0.011511707305908203,0.00046399236487258076,0.501,,0.7,"{'logit__C': 0.501, 'logit__class_weight': None, 'logit__l1_ratio': 0.7}",0.9370424597364568,0.9349112426035503,0.9313432835820895,0.9456681350954479,0.9663250366032211,0.9430580315241531,0.012553555344985971,137
12.937793970108032,0.24001141075020474,0.010392189025878906,0.002858761430038112,0.501,,0.8,"{'logit__C': 0.501, 'logit__class_weight': None, 'logit__l1_ratio': 0.8}",0.9399707174231332,0.9349112426035503,0.9283582089552239,0.9472140762463344,0.9693430656934306,0.9439594621843345,0.014114526591214432,99
12.55754475593567,0.1333815517288254,0.011792373657226563,0.002014421848795215,0.501,,0.9,"{'logit__C': 0.501, 'logit__class_weight': None, 'logit__l1_ratio': 0.9}",0.9415204678362573,0.9364844903988183,0.9313432835820895,0.9472140762463344,0.9693430656934306,0.9451810767513861,0.013179150110651013,1
12.669166040420532,0.15754937720040793,0.011280679702758789,0.0023289462875759224,0.501,,1.0,"{'logit__C': 0.501, 'logit__class_weight': None, 'logit__l1_ratio': 1.0}",0.9399707174231332,0.9362962962962963,0.929745889387145,0.9472140762463344,0.9663250366032211,0.943910403191226,0.012549575655885003,101
7.639772891998291,0.148912326065021,0.011611557006835938,0.000445603255346658,0.501,balanced,0.0,"{'logit__C': 0.501, 'logit__class_weight': 'balanced', 'logit__l1_ratio': 0.0}",0.9393063583815029,0.9337260677466863,0.9278350515463918,0.9430656934306569,0.9633967789165446,0.9414659900043565,0.012115208969795776,177
13.702569198608398,0.20968074706551543,0.013059043884277343,0.001416927264942228,0.501,balanced,0.1,"{'logit__C': 0.501, 'logit__class_weight': 'balanced', 'logit__l1_ratio': 0.1}",0.9331395348837209,0.9321533923303835,0.9289940828402367,0.9446064139941691,0.9604685212298683,0.9398723890556756,0.011574657096586725,242
13.828883266448974,0.33444184548506367,0.012153291702270507,0.003241010679936376,0.501,balanced,0.2,"{'logit__C': 0.501, 'logit__class_weight': 'balanced', 'logit__l1_ratio': 0.2}",0.9344978165938864,0.9366715758468336,0.9292035398230089,0.945985401459854,0.9663250366032211,0.9425366740653608,0.013073446279833274,152
13.818818473815918,0.5028045115884896,0.010012531280517578,0.00212357789208131,0.501,balanced,0.3,"{'logit__C': 0.501, 'logit__class_weight': 'balanced', 'logit__l1_ratio': 0.3}",0.9344978165938864,0.9366715758468336,0.930780559646539,0.9487554904831625,0.9649122807017544,0.9431235446544353,0.012448680229899214,136
13.334130001068115,0.2474778487089552,0.011851167678833008,0.0027669192772869426,0.501,balanced,0.4,"{'logit__C': 0.501, 'logit__class_weight': 'balanced', 'logit__l1_ratio': 0.4}",0.9346879535558781,0.9380530973451328,0.9349112426035503,0.9487554904831625,0.9663250366032211,0.944546564118189,0.012035062597008987,24
13.484486198425293,0.2795767242423569,0.012756729125976562,0.001727298653743052,0.501,balanced,0.5,"{'logit__C': 0.501, 'logit__class_weight': 'balanced', 'logit__l1_ratio': 0.5}",0.936046511627907,0.9364844903988183,0.9364844903988183,0.9487554904831625,0.9649122807017544,0.9445366527220921,0.011266960012174547,26
12.987503242492675,0.18134045435075136,0.012560462951660157,0.0023779805427911267,0.501,balanced,0.6,"{'logit__C': 0.501, 'logit__class_weight': 'balanced', 'logit__l1_ratio': 0.6}",0.9377713458755427,0.9349112426035503,0.9349112426035503,0.9487554904831625,0.9664233576642336,0.944554535846008,0.012065581319407801,21
12.891658353805543,0.17686144781822008,0.012585210800170898,0.001791222047492757,0.501,balanced,0.7,"{'logit__C': 0.501, 'logit__class_weight': 'balanced', 'logit__l1_ratio': 0.7}",0.934876989869754,0.9335302806499262,0.9364844903988183,0.9473684210526315,0.967930029154519,0.9440380422251298,0.01290978343227191,93
12.984698581695557,0.25186403618781295,0.011309003829956055,0.00028593621201767423,0.501,balanced,0.8,"{'logit__C': 0.501, 'logit__class_weight': 'balanced', 'logit__l1_ratio': 0.8}",0.9374090247452693,0.9366715758468336,0.9362962962962963,0.9473684210526315,0.967930029154519,0.9451350694191099,0.012116471837334414,3
12.635732746124267,0.26674201029133343,0.012326478958129883,0.0014387225529159816,0.501,balanced,0.9,"{'logit__C': 0.501, 'logit__class_weight': 'balanced', 'logit__l1_ratio': 0.9}",0.9374090247452693,0.9382352941176471,0.9331352154531947,0.945985401459854,0.9665211062590975,0.9442572084070125,0.011878784426313724,61
12.460788822174072,0.12623094104019564,0.013080930709838868,0.0024041912640777843,0.501,balanced,1.0,"{'logit__C': 0.501, 'logit__class_weight': 'balanced', 'logit__l1_ratio': 1.0}",0.936046511627907,0.9382352941176471,0.9347181008902077,0.9458272327964861,0.9664233576642336,0.9442500994192964,0.011734363743402991,62
7.693595743179321,0.05054432337554245,0.013588809967041015,0.003244028473126338,0.601,,0.0,"{'logit__C': 0.601, 'logit__class_weight': None, 'logit__l1_ratio': 0.0}",0.9346879535558781,0.9335302806499262,0.9274074074074075,0.9399707174231332,0.9618768328445748,0.939494638376184,0.011882493130828144,255
13.514608716964721,0.10926704707417768,0.01197047233581543,0.0016171333537267267,0.601,,0.1,"{'logit__C': 0.601, 'logit__class_weight': None, 'logit__l1_ratio': 0.1}",0.9331395348837209,0.9319526627218935,0.9303703703703704,0.9428989751098097,0.9633967789165446,0.9403516644004679,0.01232680304691615,223
13.80107340812683,0.1991793772934243,0.010198259353637695,0.003274909287038342,0.601,,0.2,"{'logit__C': 0.601, 'logit__class_weight': None, 'logit__l1_ratio': 0.2}",0.9358600583090378,0.9333333333333333,0.9303703703703704,0.945985401459854,0.9663250366032211,0.9423748400151633,0.01307628835534992,158
13.891389179229737,0.1655886033014513,0.011642980575561523,0.003132548151301733,0.601,,0.3,"{'logit__C': 0.601, 'logit__class_weight': None, 'logit__l1_ratio': 0.3}",0.9358600583090378,0.9378698224852071,0.9303703703703704,0.9487554904831625,0.9691629955947136,0.9444037474484983,0.013744675390566313,40
13.755856943130492,0.1430386092117097,0.011494064331054687,0.0027304252188471,0.601,,0.4,"{'logit__C': 0.601, 'logit__class_weight': None, 'logit__l1_ratio': 0.4}",0.9372262773722628,0.9378698224852071,0.9317507418397626,0.9487554904831625,0.9662261380323054,0.94436569404254,0.012242989512201086,47
13.342115926742554,0.26747989493231283,0.01093754768371582,0.0010949884072059834,0.601,,0.5,"{'logit__C': 0.601, 'logit__class_weight': None, 'logit__l1_ratio': 0.5}",0.9387755102040817,0.9349112426035503,0.9315476190476191,0.9487554904831625,0.9663250366032211,0.944062979788327,0.012537660968652142,90
13.34552903175354,0.1294376272815273,0.013149070739746093,0.001885911193912732,0.601,,0.6,"{'logit__C': 0.601, 'logit__class_weight': None, 'logit__l1_ratio': 0.6}",0.9387755102040817,0.9349112426035503,0.9315476190476191,0.9456681350954479,0.9663250366032211,0.943445508710784,0.01236620578112089,119
13.20215301513672,0.23704551047841724,0.01139521598815918,0.0042890246390400585,0.601,,0.7,"{'logit__C': 0.601, 'logit__class_weight': None, 'logit__l1_ratio': 0.7}",0.9358600583090378,0.9349112426035503,0.9329359165424739,0.9456681350954479,0.9648093841642229,0.9428369473429467,0.011834929582167922,143
12.982742738723754,0.4062761169636503,0.013073253631591796,0.0016552412798004515,0.601,,0.8,"{'logit__C': 0.601, 'logit__class_weight': None, 'logit__l1_ratio': 0.8}",0.935672514619883,0.9349112426035503,0.9313432835820895,0.9456681350954479,0.9648093841642229,0.9424809120130387,0.012136061936898743,157
12.944009494781493,0.12604827545258096,0.013178443908691407,0.0035655670143283145,0.601,,0.9,"{'logit__C': 0.601, 'logit__class_weight': None, 'logit__l1_ratio': 0.9}",0.9385964912280702,0.9349112426035503,0.929745889387145,0.9456681350954479,0.9693430656934306,0.9436529648015288,0.013852325246807226,106
12.868981981277466,0.2219813445272656,0.011376094818115235,0.001282607978071334,0.601,,1.0,"{'logit__C': 0.601, 'logit__class_weight': None, 'logit__l1_ratio': 1.0}",0.9415204678362573,0.9349112426035503,0.9299552906110283,0.9458272327964861,0.9693430656934306,0.9443114599081506,0.013646480679247619,54
7.781219482421875,0.13093149905672638,0.012502145767211915,0.003573574046069399,0.601,balanced,0.0,"{'logit__C': 0.601, 'logit__class_weight': 'balanced', 'logit__l1_ratio': 0.0}",0.9393063583815029,0.9337260677466863,0.9278350515463918,0.9430656934306569,0.9633967789165446,0.9414659900043565,0.012115208969795776,177
13.581765174865723,0.2521193682101707,0.011522817611694335,0.0005360346923556664,0.601,balanced,0.1,"{'logit__C': 0.601, 'logit__class_weight': 'balanced', 'logit__l1_ratio': 0.1}",0.9346879535558781,0.9321533923303835,0.9289940828402367,0.9430656934306569,0.9604685212298683,0.9398739286774045,0.011306605764148688,241
13.812318229675293,0.37017191916240677,0.009528398513793945,0.0019316637259972147,0.601,balanced,0.2,"{'logit__C': 0.601, 'logit__class_weight': 'balanced', 'logit__l1_ratio': 0.2}",0.9331395348837209,0.9351032448377581,0.930576070901034,0.945985401459854,0.9619883040935673,0.9413585112351868,0.01157529624725975,184
13.656306028366089,0.14727772280347481,0.010155010223388671,0.0028665761198339475,0.601,balanced,0.3,"{'logit__C': 0.601, 'logit__class_weight': 'balanced', 'logit__l1_ratio': 0.3}",0.9358600583090378,0.9366715758468336,0.9292035398230089,0.9446064139941691,0.9649122807017544,0.9422507737349607,0.012339302610115687,163
13.762837076187134,0.1366485682323339,0.010870218276977539,0.0022241660818798368,0.601,balanced,0.4,"{'logit__C': 0.601, 'logit__class_weight': 'balanced', 'logit__l1_ratio': 0.4}",0.936046511627907,0.9382352941176471,0.930780559646539,0.9473684210526315,0.9649122807017544,0.9434686134292958,0.011987504332036103,115
13.526887989044189,0.17147582235381245,0.011574649810791015,0.002887002376069376,0.601,balanced,0.5,"{'logit__C': 0.601, 'logit__class_weight': 'balanced', 'logit__l1_ratio': 0.5}",0.936046511627907,0.9380530973451328,0.9349112426035503,0.9487554904831625,0.9649122807017544,0.9445357245523013,0.011311342178430737,32
13.321942901611328,0.18824227904804808,0.009698295593261718,0.0018037668844155675,0.601,balanced,0.6,"{'logit__C': 0.601, 'logit__class_weight': 'balanced', 'logit__l1_ratio': 0.6}",0.936046511627907,0.9364844903988183,0.9364844903988183,0.9487554904831625,0.9649122807017544,0.9445366527220921,0.011266960012174547,26
13.162922859191895,0.12008934184123259,0.012842941284179687,0.0021134635427009865,0.601,balanced,0.7,"{'logit__C': 0.601, 'logit__class_weight': 'balanced', 'logit__l1_ratio': 0.7}",0.9377713458755427,0.9349112426035503,0.9349112426035503,0.9487554904831625,0.9664233576642336,0.944554535846008,0.012065581319407801,21
12.736435222625733,0.2359942402671155,0.013552618026733399,0.0020710981237421567,0.601,balanced,0.8,"{'logit__C': 0.601, 'logit__class_weight': 'balanced', 'logit__l1_ratio': 0.8}",0.9364161849710982,0.9349112426035503,0.9349112426035503,0.9473684210526315,0.967930029154519,0.9443074240770699,0.012698387931731829,56
13.037512016296386,0.1993869062631531,0.011565399169921876,0.0024798028178403732,0.601,balanced,0.9,"{'logit__C': 0.601, 'logit__class_weight': 'balanced', 'logit__l1_ratio': 0.9}",0.934876989869754,0.9335302806499262,0.9362962962962963,0.9473684210526315,0.967930029154519,0.9440004034046254,0.012932006362282717,97
12.8425133228302,0.30276888415936365,0.011031675338745116,0.0019911296609105723,0.601,balanced,1.0,"{'logit__C': 0.601, 'logit__class_weight': 'balanced', 'logit__l1_ratio': 1.0}",0.9374090247452693,0.9366715758468336,0.9362962962962963,0.9473684210526315,0.967930029154519,0.9451350694191099,0.012116471837334414,3
7.66342716217041,0.07942398830475554,0.01079401969909668,0.001847354617778144,0.701,,0.0,"{'logit__C': 0.701, 'logit__class_weight': None, 'logit__l1_ratio': 0.0}",0.9346879535558781,0.9335302806499262,0.9274074074074075,0.9399707174231332,0.9618768328445748,0.939494638376184,0.011882493130828144,255
13.204304361343384,0.21447611077129836,0.010545921325683594,0.0017484574667771655,0.701,,0.1,"{'logit__C': 0.701, 'logit__class_weight': None, 'logit__l1_ratio': 0.1}",0.9331395348837209,0.9319526627218935,0.9303703703703704,0.9428989751098097,0.9633967789165446,0.9403516644004679,0.01232680304691615,223
14.115674018859863,0.23151066409210197,0.012790966033935546,0.0025614470298639036,0.701,,0.2,"{'logit__C': 0.701, 'logit__class_weight': None, 'logit__l1_ratio': 0.2}",0.9344978165938864,0.9333333333333333,0.9303703703703704,0.9444444444444444,0.9648093841642229,0.9414910697812514,0.012582451407001231,176
13.682313442230225,0.5760805735755837,0.009688568115234376,0.003238337172958322,0.701,,0.3,"{'logit__C': 0.701, 'logit__class_weight': None, 'logit__l1_ratio': 0.3}",0.9358600583090378,0.9362962962962963,0.9303703703703704,0.9487554904831625,0.967741935483871,0.9438048301885477,0.013397583657561758,105
13.75348596572876,0.1359934269235828,0.0120849609375,0.002750320849350752,0.701,,0.4,"{'logit__C': 0.701, 'logit__class_weight': None, 'logit__l1_ratio': 0.4}",0.9358600583090378,0.9394387001477105,0.9303703703703704,0.9487554904831625,0.9676470588235294,0.9444143356267622,0.0130672921571114,37
13.807891368865967,0.1404651596152979,0.011157751083374023,0.002214412536135129,0.701,,0.5,"{'logit__C': 0.701, 'logit__class_weight': None, 'logit__l1_ratio': 0.5}",0.9372262773722628,0.9378698224852071,0.9331352154531947,0.9487554904831625,0.9662261380323054,0.9446425887652266,0.011967098544003522,14
13.308533096313477,0.2548221129286364,0.011665534973144532,0.0010535431692054462,0.701,,0.6,"{'logit__C': 0.701, 'logit__class_weight': None, 'logit__l1_ratio': 0.6}",0.9387755102040817,0.9349112426035503,0.9315476190476191,0.9487554904831625,0.9663250366032211,0.944062979788327,0.012537660968652142,90
13.261340951919555,0.2290720802888494,0.009685802459716796,0.0018730272124766432,0.701,,0.7,"{'logit__C': 0.701, 'logit__class_weight': None, 'logit__l1_ratio': 0.7}",0.9387755102040817,0.9349112426035503,0.9315476190476191,0.9456681350954479,0.9663250366032211,0.943445508710784,0.01236620578112089,119
13.238368225097656,0.2925319038538298,0.011745357513427734,0.003570485902711139,0.701,,0.8,"{'logit__C': 0.701, 'logit__class_weight': None, 'logit__l1_ratio': 0.8}",0.9374090247452693,0.9349112426035503,0.9315476190476191,0.9456681350954479,0.9633967789165446,0.9425865600816863,0.011402954899707109,147
12.869800662994384,0.3440157308527647,0.009926319122314453,0.002256649712997172,0.701,,0.9,"{'logit__C': 0.701, 'logit__class_weight': None, 'logit__l1_ratio': 0.9}",0.9343065693430657,0.9349112426035503,0.929745889387145,0.9456681350954479,0.9648093841642229,0.9418882441186863,0.012595740214496184,168
13.092194414138794,0.058152985893110916,0.012844610214233398,0.0026248690208084207,0.701,,1.0,"{'logit__C': 0.701, 'logit__class_weight': None, 'logit__l1_ratio': 1.0}",0.9370424597364568,0.9349112426035503,0.929745889387145,0.9456681350954479,0.9663250366032211,0.9427385526851643,0.012864106920304612,145
7.686133623123169,0.06506467443202299,0.012018775939941407,0.0036521485601663426,0.701,balanced,0.0,"{'logit__C': 0.701, 'logit__class_weight': 'balanced', 'logit__l1_ratio': 0.0}",0.9393063583815029,0.9337260677466863,0.9278350515463918,0.9430656934306569,0.9633967789165446,0.9414659900043565,0.012115208969795776,177
13.416659784317016,0.14627931897450583,0.00986638069152832,0.0021473327573503288,0.701,balanced,0.1,"{'logit__C': 0.701, 'logit__class_weight': 'balanced', 'logit__l1_ratio': 0.1}",0.9346879535558781,0.9337260677466863,0.9292035398230089,0.9446064139941691,0.9618768328445748,0.9408201615928634,0.011667006091539823,206
13.724418210983277,0.13209950000314147,0.013321447372436523,0.0017971903767092202,0.701,balanced,0.2,"{'logit__C': 0.701, 'logit__class_weight': 'balanced', 'logit__l1_ratio': 0.2}",0.9331395348837209,0.9335302806499262,0.9289940828402367,0.945985401459854,0.9619883040935673,0.9407275207854611,0.012055849847177065,211
13.95078091621399,0.09793786844041528,0.011239862442016602,0.0024698286583456327,0.701,balanced,0.3,"{'logit__C': 0.701, 'logit__class_weight': 'balanced', 'logit__l1_ratio': 0.3}",0.9358600583090378,0.9366715758468336,0.9292035398230089,0.9446064139941691,0.9663250366032211,0.9425333249152541,0.01286016332179865,153
13.833151578903198,0.19834099028648974,0.011928701400756836,0.0033138411447144376,0.701,balanced,0.4,"{'logit__C': 0.701, 'logit__class_weight': 'balanced', 'logit__l1_ratio': 0.4}",0.9344978165938864,0.9366715758468336,0.930780559646539,0.9473684210526315,0.9649122807017544,0.9428461307683291,0.012335019795919583,142
13.536535167694092,0.348336006918045,0.012717294692993163,0.0019304784262641269,0.701,balanced,0.5,"{'logit__C': 0.701, 'logit__class_weight': 'balanced', 'logit__l1_ratio': 0.5}",0.936046511627907,0.9382352941176471,0.930780559646539,0.9473684210526315,0.9649122807017544,0.9434686134292958,0.011987504332036103,115
13.301022577285767,0.22501190248689468,0.011304807662963868,0.0027261057302306745,0.701,balanced,0.6,"{'logit__C': 0.701, 'logit__class_weight': 'balanced', 'logit__l1_ratio': 0.6}",0.936046511627907,0.9364844903988183,0.9349112426035503,0.9487554904831625,0.9649122807017544,0.9442220031630384,0.011506851174186754,67
13.39699878692627,0.161291352286342,0.012127208709716796,0.0014527294238670955,0.701,balanced,0.7,"{'logit__C': 0.701, 'logit__class_weight': 'balanced', 'logit__l1_ratio': 0.7}",0.936046511627907,0.9364844903988183,0.9364844903988183,0.9487554904831625,0.9649122807017544,0.9445366527220921,0.011266960012174547,26
13.102288627624512,0.0671419005930966,0.009810256958007812,0.0024223398476970145,0.701,balanced,0.8,"{'logit__C': 0.701, 'logit__class_weight': 'balanced', 'logit__l1_ratio': 0.8}",0.9377713458755427,0.9349112426035503,0.9364844903988183,0.9487554904831625,0.9664233576642336,0.9448691854050615,0.011828176276255153,6
13.005140686035157,0.23133496677221804,0.011991357803344727,0.004268453619670311,0.701,balanced,0.9,"{'logit__C': 0.701, 'logit__class_weight': 'balanced', 'logit__l1_ratio': 0.9}",0.9364161849710982,0.9349112426035503,0.9349112426035503,0.9473684210526315,0.967930029154519,0.9443074240770699,0.012698387931731829,56
13.031846570968629,0.2501815069906259,0.010506248474121094,0.0030980514218709202,0.701,balanced,1.0,"{'logit__C': 0.701, 'logit__class_weight': 'balanced', 'logit__l1_ratio': 1.0}",0.934876989869754,0.9335302806499262,0.9364844903988183,0.9473684210526315,0.967930029154519,0.9440380422251298,0.01290978343227191,93
7.757928800582886,0.0663885989162737,0.011458253860473633,0.0004296189697250376,0.801,,0.0,"{'logit__C': 0.801, 'logit__class_weight': None, 'logit__l1_ratio': 0.0}",0.9346879535558781,0.9335302806499262,0.9274074074074075,0.9399707174231332,0.9618768328445748,0.939494638376184,0.011882493130828144,255
13.013048696517945,0.04375975737217807,0.011084508895874024,0.0028998764621779595,0.801,,0.1,"{'logit__C': 0.801, 'logit__class_weight': None, 'logit__l1_ratio': 0.1}",0.9346879535558781,0.9319526627218935,0.9303703703703704,0.9413489736070382,0.9633967789165446,0.940351347834345,0.012118737627777983,228
13.747079610824585,0.2138015332053838,0.011699962615966796,0.002760389540932388,0.801,,0.2,"{'logit__C': 0.801, 'logit__class_weight': None, 'logit__l1_ratio': 0.2}",0.9344978165938864,0.9319526627218935,0.9303703703703704,0.9444444444444444,0.9633967789165446,0.940932414609428,0.012252173614310257,197
14.11245903968811,0.4245398428729463,0.011110687255859375,0.0021404907286312292,0.801,,0.3,"{'logit__C': 0.801, 'logit__class_weight': None, 'logit__l1_ratio': 0.3}",0.9358600583090378,0.9333333333333333,0.9303703703703704,0.945985401459854,0.9663250366032211,0.9423748400151633,0.01307628835534992,158
13.756919622421265,0.3053158437510223,0.012174749374389648,0.004845826842385085,0.801,,0.4,"{'logit__C': 0.801, 'logit__class_weight': None, 'logit__l1_ratio': 0.4}",0.9358600583090378,0.9378698224852071,0.9303703703703704,0.9487554904831625,0.9691629955947136,0.9444037474484983,0.013744675390566313,40
13.60460605621338,0.17081854042759737,0.012729930877685546,0.0018306934750432365,0.801,,0.5,"{'logit__C': 0.801, 'logit__class_weight': None, 'logit__l1_ratio': 0.5}",0.9358600583090378,0.9394387001477105,0.9303703703703704,0.9487554904831625,0.9662261380323054,0.9441301514685174,0.01256472932822982,74
13.625632810592652,0.21663954253574697,0.010149955749511719,0.0019712088816468223,0.801,,0.6,"{'logit__C': 0.801, 'logit__class_weight': None, 'logit__l1_ratio': 0.6}",0.9372262773722628,0.9378698224852071,0.9315476190476191,0.9487554904831625,0.9662261380323054,0.9443250694841113,0.012285045679220324,50
13.26145634651184,0.21066817331494397,0.011429309844970703,0.0004232794042100408,0.801,,0.7,"{'logit__C': 0.801, 'logit__class_weight': None, 'logit__l1_ratio': 0.7}",0.9387755102040817,0.9349112426035503,0.9331352154531947,0.9472140762463344,0.9663250366032211,0.9440722162220764,0.012138004921950163,86
13.506689023971557,0.29696636097417767,0.011056327819824218,0.000871612643624569,0.801,,0.8,"{'logit__C': 0.801, 'logit__class_weight': None, 'logit__l1_ratio': 0.8}",0.9374090247452693,0.9349112426035503,0.9315476190476191,0.9456681350954479,0.9663250366032211,0.9431722116190215,0.01248096168743918,128
13.053713703155518,0.4384401980674488,0.01146073341369629,0.0015221092284985226,0.801,,0.9,"{'logit__C': 0.801, 'logit__class_weight': None, 'logit__l1_ratio': 0.9}",0.9374090247452693,0.9349112426035503,0.9315476190476191,0.9456681350954479,0.9649122807017544,0.9428896604387281,0.011958680080529109,141
14.036831331253051,0.3010298177586841,0.013471078872680665,0.0019673843108026076,0.801,,1.0,"{'logit__C': 0.801, 'logit__class_weight': None, 'logit__l1_ratio': 1.0}",0.9358600583090378,0.9349112426035503,0.929745889387145,0.9456681350954479,0.9648093841642229,0.9421989419118807,0.012422865401462473,165
8.341394472122193,0.1093910883874781,0.015099716186523438,0.003726812737918441,0.801,balanced,0.0,"{'logit__C': 0.801, 'logit__class_weight': 'balanced', 'logit__l1_ratio': 0.0}",0.9393063583815029,0.9337260677466863,0.9278350515463918,0.9430656934306569,0.9633967789165446,0.9414659900043565,0.012115208969795776,177
14.004799509048462,0.19218856839456477,0.014012289047241212,0.003178500696364378,0.801,balanced,0.1,"{'logit__C': 0.801, 'logit__class_weight': 'balanced', 'logit__l1_ratio': 0.1}",0.9346879535558781,0.9337260677466863,0.9292035398230089,0.9446064139941691,0.9618768328445748,0.9408201615928634,0.011667006091539823,206
14.8286461353302,0.3620932254571044,0.013157415390014648,0.004301694085313533,0.801,balanced,0.2,"{'logit__C': 0.801, 'logit__class_weight': 'balanced', 'logit__l1_ratio': 0.2}",0.9331395348837209,0.9321533923303835,0.9289940828402367,0.945985401459854,0.9619883040935673,0.9404521431215525,0.012231547952692769,221
15.379352855682374,0.45643828980827633,0.010930776596069336,0.0024220131349697144,0.801,balanced,0.3,"{'logit__C': 0.801, 'logit__class_weight': 'balanced', 'logit__l1_ratio': 0.3}",0.9331395348837209,0.9366715758468336,0.9292035398230089,0.945985401459854,0.9649122807017544,0.9419824665430344,0.012739731816139561,167
15.143265438079833,0.23724405719454622,0.009678506851196289,0.0020161104603705162,0.801,balanced,0.4,"{'logit__C': 0.801, 'logit__class_weight': 'balanced', 'logit__l1_ratio': 0.4}",0.9358600583090378,0.9366715758468336,0.930780559646539,0.9446064139941691,0.9649122807017544,0.9425661776996668,0.012017737263697502,149
14.769471216201783,0.29666880519832867,0.010999631881713868,0.003309527508498068,0.801,balanced,0.5,"{'logit__C': 0.801, 'logit__class_weight': 'balanced', 'logit__l1_ratio': 0.5}",0.9344978165938864,0.9382352941176471,0.930780559646539,0.9473684210526315,0.9649122807017544,0.9431588744224918,0.01219351639194579,133
14.571381092071533,0.19042139412805525,0.010103797912597657,0.0026084361423996793,0.801,balanced,0.6,"{'logit__C': 0.801, 'logit__class_weight': 'balanced', 'logit__l1_ratio': 0.6}",0.9346879535558781,0.9396170839469808,0.9335302806499262,0.9487554904831625,0.9663250366032211,0.9445831690478338,0.012123206702465009,18
13.756909370422363,0.5883021032495918,0.012605619430541993,0.0025035585050373495,0.801,balanced,0.7,"{'logit__C': 0.801, 'logit__class_weight': 'balanced', 'logit__l1_ratio': 0.7}",0.936046511627907,0.9364844903988183,0.9349112426035503,0.9487554904831625,0.9649122807017544,0.9442220031630384,0.011506851174186754,67
13.400637435913087,0.29033465131081027,0.011786937713623047,0.0017182700392371932,0.801,balanced,0.8,"{'logit__C': 0.801, 'logit__class_weight': 'balanced', 'logit__l1_ratio': 0.8}",0.936046511627907,0.9364844903988183,0.9364844903988183,0.9487554904831625,0.9649122807017544,0.9445366527220921,0.011266960012174547,26
13.20747776031494,0.1097773013433505,0.010737752914428711,0.0021215591253923066,0.801,balanced,0.9,"{'logit__C': 0.801, 'logit__class_weight': 'balanced', 'logit__l1_ratio': 0.9}",0.9377713458755427,0.9349112426035503,0.9364844903988183,0.9487554904831625,0.9664233576642336,0.9448691854050615,0.011828176276255153,6
13.011765289306641,0.22534981883840172,0.010720348358154297,0.0018816841493587482,0.801,balanced,1.0,"{'logit__C': 0.801, 'logit__class_weight': 'balanced', 'logit__l1_ratio': 1.0}",0.9377713458755427,0.9349112426035503,0.9349112426035503,0.9487554904831625,0.967930029154519,0.944855870144065,0.012614321787390923,10
7.786890888214112,0.13130807619327609,0.011626625061035156,0.0021443791594149752,0.901,,0.0,"{'logit__C': 0.901, 'logit__class_weight': None, 'logit__l1_ratio': 0.0}",0.9346879535558781,0.9335302806499262,0.9274074074074075,0.9399707174231332,0.9618768328445748,0.939494638376184,0.011882493130828144,255
13.116636180877686,0.15500815605849066,0.01259751319885254,0.002976045262865845,0.901,,0.1,"{'logit__C': 0.901, 'logit__class_weight': None, 'logit__l1_ratio': 0.1}",0.9346879535558781,0.9319526627218935,0.9287833827893175,0.9413489736070382,0.9633967789165446,0.9400339503181344,0.012393653268384878,234
13.442087984085083,0.15954320636087385,0.011824750900268554,0.0025502394543227874,0.901,,0.2,"{'logit__C': 0.901, 'logit__class_weight': None, 'logit__l1_ratio': 0.2}",0.9344978165938864,0.9319526627218935,0.9303703703703704,0.9428989751098097,0.9663250366032211,0.9412089722798361,0.013280564485646837,187
13.952042531967162,0.2325320624820832,0.01332840919494629,0.0016553872397230692,0.901,,0.3,"{'logit__C': 0.901, 'logit__class_weight': None, 'logit__l1_ratio': 0.3}",0.9358600583090378,0.9333333333333333,0.9303703703703704,0.945985401459854,0.9663250366032211,0.9423748400151633,0.01307628835534992,158
13.836523532867432,0.3239289555262331,0.013243913650512695,0.0017712314285986813,0.901,,0.4,"{'logit__C': 0.901, 'logit__class_weight': None, 'logit__l1_ratio': 0.4}",0.9358600583090378,0.9378698224852071,0.9303703703703704,0.9487554904831625,0.967741935483871,0.9441195354263299,0.013235008708731674,77
13.802220582962036,0.23169594034298038,0.013132429122924805,0.004004342823974943,0.901,,0.5,"{'logit__C': 0.901, 'logit__class_weight': None, 'logit__l1_ratio': 0.5}",0.9358600583090378,0.9394387001477105,0.9303703703703704,0.9487554904831625,0.9676470588235294,0.9444143356267622,0.0130672921571114,37
13.632495784759522,0.2001421055574128,0.011098718643188477,0.002630562933718045,0.901,,0.6,"{'logit__C': 0.901, 'logit__class_weight': None, 'logit__l1_ratio': 0.6}",0.9372262773722628,0.9378698224852071,0.9317507418397626,0.9487554904831625,0.9662261380323054,0.94436569404254,0.012242989512201086,47
13.37232427597046,0.31127143647189476,0.012215852737426758,0.001343412113630396,0.901,,0.7,"{'logit__C': 0.901, 'logit__class_weight': None, 'logit__l1_ratio': 0.7}",0.9372262773722628,0.9362962962962963,0.9315476190476191,0.9487554904831625,0.967741935483871,0.9443135237366423,0.013008419311843752,53
13.481519794464111,0.2678685472139304,0.01133122444152832,0.001805614426360109,0.901,,0.8,"{'logit__C': 0.901, 'logit__class_weight': None, 'logit__l1_ratio': 0.8}",0.9387755102040817,0.9349112426035503,0.9331352154531947,0.9472140762463344,0.9663250366032211,0.9440722162220764,0.012138004921950163,86
13.488253211975097,0.24812840030117703,0.010282039642333984,0.003046499733084913,0.901,,0.9,"{'logit__C': 0.901, 'logit__class_weight': None, 'logit__l1_ratio': 0.9}",0.9374090247452693,0.9349112426035503,0.9315476190476191,0.9456681350954479,0.9663250366032211,0.9431722116190215,0.01248096168743918,128
13.177137470245361,0.22295375188268796,0.011856269836425782,0.0028478318156200284,0.901,,1.0,"{'logit__C': 0.901, 'logit__class_weight': None, 'logit__l1_ratio': 1.0}",0.9374090247452693,0.9349112426035503,0.9315476190476191,0.9456681350954479,0.9663250366032211,0.9431722116190215,0.01248096168743918,128
7.753745603561401,0.1596384426649144,0.010310935974121093,0.001707674562576736,0.901,balanced,0.0,"{'logit__C': 0.901, 'logit__class_weight': 'balanced', 'logit__l1_ratio': 0.0}",0.9393063583815029,0.9337260677466863,0.9278350515463918,0.9430656934306569,0.9633967789165446,0.9414659900043565,0.012115208969795776,177
13.51330738067627,0.14712927623677416,0.012049627304077149,0.0024894882957677855,0.901,balanced,0.1,"{'logit__C': 0.901, 'logit__class_weight': 'balanced', 'logit__l1_ratio': 0.1}",0.9346879535558781,0.9337260677466863,0.9292035398230089,0.9430656934306569,0.9618768328445748,0.940512017480161,0.011582979735088221,217
14.353252267837524,0.24505816242618864,0.010909509658813477,0.0029018276801866193,0.901,balanced,0.2,"{'logit__C': 0.901, 'logit__class_weight': 'balanced', 'logit__l1_ratio': 0.2}",0.9331395348837209,0.9321533923303835,0.9289940828402367,0.945985401459854,0.9604685212298683,0.9401481865488126,0.011699923433656173,230
14.629836750030517,0.25182213141764237,0.011885595321655274,0.0036993263780572445,0.901,balanced,0.3,"{'logit__C': 0.901, 'logit__class_weight': 'balanced', 'logit__l1_ratio': 0.3}",0.9331395348837209,0.9351032448377581,0.9278350515463918,0.945985401459854,0.9619883040935673,0.9408103073642584,0.012124831718696329,209
14.775888299942016,0.3684653938707243,0.013692998886108398,0.0017194957819147906,0.901,balanced,0.4,"{'logit__C': 0.901, 'logit__class_weight': 'balanced', 'logit__l1_ratio': 0.4}",0.9358600583090378,0.9366715758468336,0.9292035398230089,0.9446064139941691,0.9663250366032211,0.9425333249152541,0.01286016332179865,153
14.766562604904175,0.15454621025011142,0.011964225769042968,0.002580076163041701,0.901,balanced,0.5,"{'logit__C': 0.901, 'logit__class_weight': 'balanced', 'logit__l1_ratio': 0.5}",0.9344978165938864,0.9366715758468336,0.930780559646539,0.945985401459854,0.9649122807017544,0.9425695268497736,0.012245692542678094,148
14.738859081268311,0.15793127059035675,0.010814762115478516,0.0033278502630848758,0.901,balanced,0.6,"{'logit__C': 0.901, 'logit__class_weight': 'balanced', 'logit__l1_ratio': 0.6}",0.936046511627907,0.9382352941176471,0.930780559646539,0.9473684210526315,0.9649122807017544,0.9434686134292958,0.011987504332036103,115
14.281558561325074,0.17011460003476955,0.013889646530151368,0.003360606338304533,0.901,balanced,0.7,"{'logit__C': 0.901, 'logit__class_weight': 'balanced', 'logit__l1_ratio': 0.7}",0.9346879535558781,0.9396170839469808,0.9349112426035503,0.9473684210526315,0.9663250366032211,0.9445819475524523,0.011803303589002216,19
13.62574543952942,0.22129277838952618,0.015153169631958008,0.0026705678214279374,0.901,balanced,0.8,"{'logit__C': 0.901, 'logit__class_weight': 'balanced', 'logit__l1_ratio': 0.8}",0.936046511627907,0.9364844903988183,0.9349112426035503,0.9487554904831625,0.9649122807017544,0.9442220031630384,0.011506851174186754,67
13.570675039291382,0.17441673454934586,0.009935331344604493,0.002144880526977702,0.901,balanced,0.9,"{'logit__C': 0.901, 'logit__class_weight': 'balanced', 'logit__l1_ratio': 0.9}",0.936046511627907,0.9364844903988183,0.9364844903988183,0.9487554904831625,0.9649122807017544,0.9445366527220921,0.011266960012174547,26
13.70467495918274,0.19073771800092368,0.011210250854492187,0.002031500541350417,0.901,balanced,1.0,"{'logit__C': 0.901, 'logit__class_weight': 'balanced', 'logit__l1_ratio': 1.0}",0.9377713458755427,0.9349112426035503,0.9364844903988183,0.9487554904831625,0.9664233576642336,0.9448691854050615,0.011828176276255153,6
7.857839679718017,0.10113437390258898,0.01012592315673828,0.0032757672851414766,1.001,,0.0,"{'logit__C': 1.001, 'logit__class_weight': None, 'logit__l1_ratio': 0.0}",0.9346879535558781,0.9335302806499262,0.9274074074074075,0.9399707174231332,0.9618768328445748,0.939494638376184,0.011882493130828144,255
15.71667194366455,0.5552492952973112,0.01085057258605957,0.0023811366400693723,1.001,,0.1,"{'logit__C': 1.001, 'logit__class_weight': None, 'logit__l1_ratio': 0.1}",0.9346879535558781,0.9319526627218935,0.9287833827893175,0.9413489736070382,0.9633967789165446,0.9400339503181344,0.012393653268384878,234
17.374934959411622,0.4892685502042704,0.016251611709594726,0.0020309871818111353,1.001,,0.2,"{'logit__C': 1.001, 'logit__class_weight': None, 'logit__l1_ratio': 0.2}",0.9344978165938864,0.9319526627218935,0.9303703703703704,0.9428989751098097,0.9648093841642229,0.9409058417920366,0.012708818031904028,199
21.40367341041565,0.8362808010179741,0.013035154342651368,0.0016757021400258068,1.001,,0.3,"{'logit__C': 1.001, 'logit__class_weight': None, 'logit__l1_ratio': 0.3}",0.9358600583090378,0.9333333333333333,0.9303703703703704,0.9444444444444444,0.9648093841642229,0.9417635181242817,0.012442041445094502,171
21.104058265686035,0.38583191580789944,0.011807584762573242,0.002558687079723223,1.001,,0.4,"{'logit__C': 1.001, 'logit__class_weight': None, 'logit__l1_ratio': 0.4}",0.9358600583090378,0.9362962962962963,0.9303703703703704,0.945985401459854,0.9663250366032211,0.942967432607756,0.012715271184854243,138
16.153082513809203,2.244587238314285,0.009748888015747071,0.0022738501513884647,1.001,,0.5,"{'logit__C': 1.001, 'logit__class_weight': None, 'logit__l1_ratio': 0.5}",0.9358600583090378,0.9378698224852071,0.9303703703703704,0.9487554904831625,0.9691629955947136,0.9444037474484983,0.013744675390566313,40
14.21996340751648,0.39572704271954817,0.014422035217285157,0.0062212231742270595,1.001,,0.6,"{'logit__C': 1.001, 'logit__class_weight': None, 'logit__l1_ratio': 0.6}",0.9358600583090378,0.9394387001477105,0.9303703703703704,0.9487554904831625,0.9662261380323054,0.9441301514685174,0.01256472932822982,74
14.788853025436401,0.1549513039567101,0.012770843505859376,0.0033172513484108984,1.001,,0.7,"{'logit__C': 1.001, 'logit__class_weight': None, 'logit__l1_ratio': 0.7}",0.9372262773722628,0.9378698224852071,0.9331352154531947,0.9487554904831625,0.9662261380323054,0.9446425887652266,0.011967098544003522,14
14.905299997329712,0.3291707668379039,0.012726783752441406,0.00127218805324551,1.001,,0.8,"{'logit__C': 1.001, 'logit__class_weight': None, 'logit__l1_ratio': 0.8}",0.9372262773722628,0.9362962962962963,0.9315476190476191,0.9487554904831625,0.9663250366032211,0.9440301439605123,0.012500476520149392,95
14.9270339012146,0.4954750129694089,0.01474003791809082,0.003578284875194971,1.001,,0.9,"{'logit__C': 1.001, 'logit__class_weight': None, 'logit__l1_ratio': 0.9}",0.9387755102040817,0.9349112426035503,0.9331352154531947,0.9472140762463344,0.9663250366032211,0.9440722162220764,0.012138004921950163,86
15.460575246810913,0.4306260768156945,0.015582418441772461,0.005800533335836426,1.001,,1.0,"{'logit__C': 1.001, 'logit__class_weight': None, 'logit__l1_ratio': 1.0}",0.9374090247452693,0.9349112426035503,0.9315476190476191,0.9456681350954479,0.9663250366032211,0.9431722116190215,0.01248096168743918,128
8.926558303833009,0.18182439683457718,0.012953805923461913,0.0030983105151124743,1.001,balanced,0.0,"{'logit__C': 1.001, 'logit__class_weight': 'balanced', 'logit__l1_ratio': 0.0}",0.9393063583815029,0.9337260677466863,0.9278350515463918,0.9416909620991254,0.9633967789165446,0.9411910437380502,0.0120913607675367,188
16.612512016296385,0.28108736906442133,0.016344165802001952,0.0027577256127028693,1.001,balanced,0.1,"{'logit__C': 1.001, 'logit__class_weight': 'balanced', 'logit__l1_ratio': 0.1}",0.9346879535558781,0.9337260677466863,0.9292035398230089,0.9430656934306569,0.9618768328445748,0.940512017480161,0.011582979735088221,217
18.35964078903198,0.2934603214868378,0.017205810546875,0.007700035714070934,1.001,balanced,0.2,"{'logit__C': 1.001, 'logit__class_weight': 'balanced', 'logit__l1_ratio': 0.2}",0.9331395348837209,0.9321533923303835,0.9289940828402367,0.9446064139941691,0.9604685212298683,0.9398723890556756,0.011574657096586725,242
17.02820963859558,0.847060902036836,0.012705230712890625,0.0020265502851005705,1.001,balanced,0.3,"{'logit__C': 1.001, 'logit__class_weight': 'balanced', 'logit__l1_ratio': 0.3}",0.9331395348837209,0.9351032448377581,0.930576070901034,0.945985401459854,0.9619883040935673,0.9413585112351868,0.01157529624725975,184
15.804394340515136,0.2802870676212641,0.011641693115234376,0.0030778854119464594,1.001,balanced,0.4,"{'logit__C': 1.001, 'logit__class_weight': 'balanced', 'logit__l1_ratio': 0.4}",0.9331395348837209,0.9366715758468336,0.9292035398230089,0.9446064139941691,0.9663250366032211,0.9419892202301906,0.013184457195759162,166
15.167017459869385,0.42571573019720593,0.01331171989440918,0.0017220208892928187,1.001,balanced,0.5,"{'logit__C': 1.001, 'logit__class_weight': 'balanced', 'logit__l1_ratio': 0.5}",0.9358600583090378,0.9366715758468336,0.930780559646539,0.9446064139941691,0.9649122807017544,0.9425661776996668,0.012017737263697502,149
14.613076496124268,0.1684118716309432,0.011742830276489258,0.003943761448901415,1.001,balanced,0.6,"{'logit__C': 1.001, 'logit__class_weight': 'balanced', 'logit__l1_ratio': 0.6}",0.9344978165938864,0.9382352941176471,0.930780559646539,0.9473684210526315,0.9649122807017544,0.9431588744224918,0.01219351639194579,133
14.542975330352784,0.1690053257396786,0.011982250213623046,0.0031528119071098887,1.001,balanced,0.7,"{'logit__C': 1.001, 'logit__class_weight': 'balanced', 'logit__l1_ratio': 0.7}",0.936046511627907,0.9382352941176471,0.930780559646539,0.9473684210526315,0.9649122807017544,0.9434686134292958,0.011987504332036103,115
14.34825258255005,0.3384018765601436,0.01313481330871582,0.004190999530132287,1.001,balanced,0.8,"{'logit__C': 1.001, 'logit__class_weight': 'balanced', 'logit__l1_ratio': 0.8}",0.936046511627907,0.9380530973451328,0.9349112426035503,0.9473684210526315,0.9663250366032211,0.9445408618464886,0.011743253395214155,25
14.504452419281005,0.2765875303927857,0.011929988861083984,0.003259784500473458,1.001,balanced,0.9,"{'logit__C': 1.001, 'logit__class_weight': 'balanced', 'logit__l1_ratio': 0.9}",0.936046511627907,0.9364844903988183,0.9349112426035503,0.9487554904831625,0.9649122807017544,0.9442220031630384,0.011506851174186754,67
14.733139753341675,0.17551409253788783,0.015570449829101562,0.003617107138991567,1.001,balanced,1.0,"{'logit__C': 1.001, 'logit__class_weight': 'balanced', 'logit__l1_ratio': 1.0}",0.936046511627907,0.9364844903988183,0.9364844903988183,0.9487554904831625,0.9649122807017544,0.9445366527220921,0.011266960012174547,26
8.691773891448975,0.1507884092810642,0.010335302352905274,0.0031422698851138508,5.0,,0.0,"{'logit__C': 5, 'logit__class_weight': None, 'logit__l1_ratio': 0.0}",0.936046511627907,0.9335302806499262,0.9274074074074075,0.9399707174231332,0.9633967789165446,0.9400703392049836,0.0123567480357916,231
12.211051607131958,0.11313569449669833,0.013261222839355468,0.0035065755861077605,5.0,,0.1,"{'logit__C': 5, 'logit__class_weight': None, 'logit__l1_ratio': 0.1}",0.9346879535558781,0.9335302806499262,0.9274074074074075,0.9399707174231332,0.9633967789165446,0.939798627590578,0.012456772142082696,244
12.651891326904297,0.08182680268810559,0.014793777465820312,0.004173543835445901,5.0,,0.2,"{'logit__C': 5, 'logit__class_weight': None, 'logit__l1_ratio': 0.2}",0.9346879535558781,0.9335302806499262,0.9274074074074075,0.9399707174231332,0.9633967789165446,0.939798627590578,0.012456772142082696,244
13.412343835830688,0.14788202018865537,0.01525864601135254,0.010041012196269326,5.0,,0.3,"{'logit__C': 5, 'logit__class_weight': None, 'logit__l1_ratio': 0.3}",0.9346879535558781,0.9319526627218935,0.9274074074074075,0.9399707174231332,0.9633967789165446,0.9394831040049715,0.01263032126816828,263
13.681930351257325,0.29840658786802743,0.01235203742980957,0.0006450402809354962,5.0,,0.4,"{'logit__C': 5, 'logit__class_weight': None, 'logit__l1_ratio': 0.4}",0.9346879535558781,0.9319526627218935,0.9274074074074075,0.9413489736070382,0.9633967789165446,0.9397587552417525,0.012652974837486801,252
14.177937555313111,0.33906943575922255,0.014850091934204102,0.006084134790302205,5.0,,0.5,"{'logit__C': 5, 'logit__class_weight': None, 'logit__l1_ratio': 0.5}",0.9346879535558781,0.9319526627218935,0.9287833827893175,0.9413489736070382,0.9633967789165446,0.9400339503181344,0.012393653268384878,234
14.670030975341797,0.3150705912246201,0.012605857849121094,0.0007987172196535026,5.0,,0.6,"{'logit__C': 5, 'logit__class_weight': None, 'logit__l1_ratio': 0.6}",0.9346879535558781,0.9319526627218935,0.9287833827893175,0.9413489736070382,0.9633967789165446,0.9400339503181344,0.012393653268384878,234
14.899910068511963,0.3834724471578133,0.011280202865600586,0.0015670744809195066,5.0,,0.7,"{'logit__C': 5, 'logit__class_weight': None, 'logit__l1_ratio': 0.7}",0.9331395348837209,0.9319526627218935,0.9303703703703704,0.9428989751098097,0.9633967789165446,0.9403516644004679,0.01232680304691615,223
15.203916931152344,0.21077238047809813,0.010241937637329102,0.001640354418112559,5.0,,0.8,"{'logit__C': 5, 'logit__class_weight': None, 'logit__l1_ratio': 0.8}",0.9331395348837209,0.9319526627218935,0.9303703703703704,0.9428989751098097,0.9633967789165446,0.9403516644004679,0.01232680304691615,223
15.132741832733155,0.22172247180958723,0.013402223587036133,0.005769964901012326,5.0,,0.9,"{'logit__C': 5, 'logit__class_weight': None, 'logit__l1_ratio': 0.9}",0.9331395348837209,0.9319526627218935,0.9303703703703704,0.9428989751098097,0.9633967789165446,0.9403516644004679,0.01232680304691615,223
14.78554401397705,0.18483554476443773,0.012017202377319337,0.003598465208620474,5.0,,1.0,"{'logit__C': 5, 'logit__class_weight': None, 'logit__l1_ratio': 1.0}",0.9331395348837209,0.9319526627218935,0.9303703703703704,0.9428989751098097,0.9648093841642229,0.9406341854500034,0.012856547196299906,212
8.236099100112915,0.09536821499331137,0.012514543533325196,0.003169407462423312,5.0,balanced,0.0,"{'logit__C': 5, 'logit__class_weight': 'balanced', 'logit__l1_ratio': 0.0}",0.9393063583815029,0.9337260677466863,0.9278350515463918,0.9416909620991254,0.9633967789165446,0.9411910437380502,0.0120913607675367,188
12.514275312423706,0.2310321259220741,0.010521650314331055,0.001754130815346651,5.0,balanced,0.1,"{'logit__C': 5, 'logit__class_weight': 'balanced', 'logit__l1_ratio': 0.1}",0.9377713458755427,0.9337260677466863,0.9278350515463918,0.9430656934306569,0.9633967789165446,0.9411589875031645,0.012185290933929796,191
12.808187532424927,0.12221149175233995,0.014232778549194336,0.005048849518226829,5.0,balanced,0.2,"{'logit__C': 5, 'logit__class_weight': 'balanced', 'logit__l1_ratio': 0.2}",0.9377713458755427,0.9337260677466863,0.9278350515463918,0.9430656934306569,0.9633967789165446,0.9411589875031645,0.012185290933929796,191
13.264804077148437,0.2548260619026026,0.011731290817260742,0.0024568496565871823,5.0,balanced,0.3,"{'logit__C': 5, 'logit__class_weight': 'balanced', 'logit__l1_ratio': 0.3}",0.9377713458755427,0.9337260677466863,0.9278350515463918,0.9430656934306569,0.9618768328445748,0.9408549982887704,0.011633179076725444,200
13.742473983764649,0.09332540047570574,0.018580865859985352,0.004285497855464404,5.0,balanced,0.4,"{'logit__C': 5, 'logit__class_weight': 'balanced', 'logit__l1_ratio': 0.4}",0.936231884057971,0.9337260677466863,0.9278350515463918,0.9430656934306569,0.9618768328445748,0.940547105925256,0.011730682517259398,215
14.086833238601685,0.24796834146748725,0.012080001831054687,0.0013873259897533858,5.0,balanced,0.5,"{'logit__C': 5, 'logit__class_weight': 'balanced', 'logit__l1_ratio': 0.5}",0.9346879535558781,0.9337260677466863,0.9292035398230089,0.9430656934306569,0.9618768328445748,0.940512017480161,0.011582979735088221,217
14.40589427947998,0.321358042585023,0.011396503448486328,0.0019508579778908213,5.0,balanced,0.6,"{'logit__C': 5, 'logit__class_weight': 'balanced', 'logit__l1_ratio': 0.6}",0.9346879535558781,0.9337260677466863,0.9292035398230089,0.9430656934306569,0.9618768328445748,0.940512017480161,0.011582979735088221,217
14.308311414718627,0.24714116667567784,0.010033607482910156,0.0018904328120359101,5.0,balanced,0.7,"{'logit__C': 5, 'logit__class_weight': 'balanced', 'logit__l1_ratio': 0.7}",0.9346879535558781,0.9337260677466863,0.9292035398230089,0.9446064139941691,0.9618768328445748,0.9408201615928634,0.011667006091539823,206
14.587770652770995,0.23422312066052753,0.014673614501953125,0.006036964756104621,5.0,balanced,0.8,"{'logit__C': 5, 'logit__class_weight': 'balanced', 'logit__l1_ratio': 0.8}",0.9346879535558781,0.9321533923303835,0.930576070901034,0.9446064139941691,0.9618768328445748,0.9407801327252079,0.01162212853876753,210
14.892517852783204,0.29299837818357866,0.010445165634155273,0.003193054629946733,5.0,balanced,0.9,"{'logit__C': 5, 'logit__class_weight': 'balanced', 'logit__l1_ratio': 0.9}",0.9346879535558781,0.9321533923303835,0.9276218611521418,0.9446064139941691,0.9604685212298683,0.9399076284524881,0.011688816530269807,240
15.263883924484253,0.3957231858591908,0.01635751724243164,0.0050438482965508855,5.0,balanced,1.0,"{'logit__C': 5, 'logit__class_weight': 'balanced', 'logit__l1_ratio': 1.0}",0.9331395348837209,0.9321533923303835,0.9276218611521418,0.9446064139941691,0.9604685212298683,0.9395979447180567,0.011842505848374941,254
8.61353611946106,0.3314701082767902,0.014330720901489258,0.0018447419211492845,10.0,,0.0,"{'logit__C': 10, 'logit__class_weight': None, 'logit__l1_ratio': 0.0}",0.936046511627907,0.9335302806499262,0.9274074074074075,0.9399707174231332,0.9633967789165446,0.9400703392049836,0.0123567480357916,231
13.998054361343383,0.13373093529861477,0.014466428756713867,0.0037569971510645023,10.0,,0.1,"{'logit__C': 10, 'logit__class_weight': None, 'logit__l1_ratio': 0.1}",0.9346879535558781,0.9335302806499262,0.9274074074074075,0.9399707174231332,0.9633967789165446,0.939798627590578,0.012456772142082696,244
14.986110067367553,0.21177761470057865,0.015063905715942382,0.004257057849342434,10.0,,0.2,"{'logit__C': 10, 'logit__class_weight': None, 'logit__l1_ratio': 0.2}",0.9346879535558781,0.9335302806499262,0.9274074074074075,0.9399707174231332,0.9633967789165446,0.939798627590578,0.012456772142082696,244
14.114549016952514,0.2975111662197784,0.012528562545776367,0.0037839521453352106,10.0,,0.3,"{'logit__C': 10, 'logit__class_weight': None, 'logit__l1_ratio': 0.3}",0.9346879535558781,0.9335302806499262,0.9274074074074075,0.9399707174231332,0.9633967789165446,0.939798627590578,0.012456772142082696,244
13.50308437347412,0.24917480135355932,0.012639522552490234,0.0053965452073823465,10.0,,0.4,"{'logit__C': 10, 'logit__class_weight': None, 'logit__l1_ratio': 0.4}",0.9346879535558781,0.9335302806499262,0.9274074074074075,0.9399707174231332,0.9633967789165446,0.939798627590578,0.012456772142082696,244
13.376176834106445,0.12384858360199531,0.013553619384765625,0.003739015218350562,10.0,,0.5,"{'logit__C': 10, 'logit__class_weight': None, 'logit__l1_ratio': 0.5}",0.9346879535558781,0.9335302806499262,0.9274074074074075,0.9399707174231332,0.9633967789165446,0.939798627590578,0.012456772142082696,244
13.69952883720398,0.3925552023144114,0.012250995635986328,0.0022648777117015247,10.0,,0.6,"{'logit__C': 10, 'logit__class_weight': None, 'logit__l1_ratio': 0.6}",0.9346879535558781,0.9319526627218935,0.9274074074074075,0.9399707174231332,0.9633967789165446,0.9394831040049715,0.01263032126816828,263
13.460678148269654,0.22105120011084708,0.010219717025756836,0.0011396726360425491,10.0,,0.7,"{'logit__C': 10, 'logit__class_weight': None, 'logit__l1_ratio': 0.7}",0.9346879535558781,0.9319526627218935,0.9274074074074075,0.9399707174231332,0.9633967789165446,0.9394831040049715,0.01263032126816828,263
13.599408531188965,0.15923579565383664,0.01485457420349121,0.0019527437992453462,10.0,,0.8,"{'logit__C': 10, 'logit__class_weight': None, 'logit__l1_ratio': 0.8}",0.9346879535558781,0.9319526627218935,0.9274074074074075,0.9413489736070382,0.9633967789165446,0.9397587552417525,0.012652974837486801,252
13.558863401412964,0.24352105336680344,0.011477041244506835,0.0021803745086292244,10.0,,0.9,"{'logit__C': 10, 'logit__class_weight': None, 'logit__l1_ratio': 0.9}",0.9346879535558781,0.9319526627218935,0.9287833827893175,0.9413489736070382,0.9633967789165446,0.9400339503181344,0.012393653268384878,234
13.807364654541015,0.08830381594922515,0.011364078521728516,0.0022686712777304665,10.0,,1.0,"{'logit__C': 10, 'logit__class_weight': None, 'logit__l1_ratio': 1.0}",0.9346879535558781,0.9319526627218935,0.9287833827893175,0.9413489736070382,0.9633967789165446,0.9400339503181344,0.012393653268384878,234
8.241075086593629,0.07701675581315563,0.011175394058227539,0.002170461649585246,10.0,balanced,0.0,"{'logit__C': 10, 'logit__class_weight': 'balanced', 'logit__l1_ratio': 0.0}",0.9393063583815029,0.9337260677466863,0.9278350515463918,0.9416909620991254,0.9633967789165446,0.9411910437380502,0.0120913607675367,188
11.568326282501221,0.19020443529518166,0.01288309097290039,0.0028160735824262215,10.0,balanced,0.1,"{'logit__C': 10, 'logit__class_weight': 'balanced', 'logit__l1_ratio': 0.1}",0.9393063583815029,0.9337260677466863,0.9278350515463918,0.9430656934306569,0.9633967789165446,0.9414659900043565,0.012115208969795776,177
11.964838981628418,0.10214134627102195,0.01207561492919922,0.0007817647470326878,10.0,balanced,0.2,"{'logit__C': 10, 'logit__class_weight': 'balanced', 'logit__l1_ratio': 0.2}",0.9377713458755427,0.9337260677466863,0.9278350515463918,0.9430656934306569,0.9633967789165446,0.9411589875031645,0.012185290933929796,191
12.427057790756226,0.12193620774950986,0.012608194351196289,0.0028219156975844515,10.0,balanced,0.3,"{'logit__C': 10, 'logit__class_weight': 'balanced', 'logit__l1_ratio': 0.3}",0.9377713458755427,0.9337260677466863,0.9278350515463918,0.9430656934306569,0.9633967789165446,0.9411589875031645,0.012185290933929796,191
12.54665675163269,0.1250677284711668,0.010927200317382812,0.0015718880687562702,10.0,balanced,0.4,"{'logit__C': 10, 'logit__class_weight': 'balanced', 'logit__l1_ratio': 0.4}",0.9377713458755427,0.9337260677466863,0.9278350515463918,0.9430656934306569,0.9633967789165446,0.9411589875031645,0.012185290933929796,191
13.151502847671509,0.32232843529176286,0.011664438247680663,0.0022429888714530404,10.0,balanced,0.5,"{'logit__C': 10, 'logit__class_weight': 'balanced', 'logit__l1_ratio': 0.5}",0.9377713458755427,0.9337260677466863,0.9278350515463918,0.9430656934306569,0.9618768328445748,0.9408549982887704,0.011633179076725444,200
13.476064443588257,0.41780973514022535,0.01166377067565918,0.002098946814214966,10.0,balanced,0.6,"{'logit__C': 10, 'logit__class_weight': 'balanced', 'logit__l1_ratio': 0.6}",0.9377713458755427,0.9337260677466863,0.9278350515463918,0.9430656934306569,0.9618768328445748,0.9408549982887704,0.011633179076725444,200
13.810587453842164,0.24690310779768446,0.011480426788330078,0.0017158338549941663,10.0,balanced,0.7,"{'logit__C': 10, 'logit__class_weight': 'balanced', 'logit__l1_ratio': 0.7}",0.9377713458755427,0.9337260677466863,0.9278350515463918,0.9430656934306569,0.9618768328445748,0.9408549982887704,0.011633179076725444,200
14.039927434921264,0.1386399436368548,0.010282039642333984,0.001901461862911756,10.0,balanced,0.8,"{'logit__C': 10, 'logit__class_weight': 'balanced', 'logit__l1_ratio': 0.8}",0.9377713458755427,0.9337260677466863,0.9278350515463918,0.9430656934306569,0.9618768328445748,0.9408549982887704,0.011633179076725444,200
13.500323915481568,0.8880520405070327,0.01266183853149414,0.00387102575610071,10.0,balanced,0.9,"{'logit__C': 10, 'logit__class_weight': 'balanced', 'logit__l1_ratio': 0.9}",0.936231884057971,0.9337260677466863,0.9278350515463918,0.9430656934306569,0.9618768328445748,0.940547105925256,0.011730682517259398,215
11.091551399230957,0.40567634676121406,0.007976150512695313,0.0006047971121645255,10.0,balanced,1.0,"{'logit__C': 10, 'logit__class_weight': 'balanced', 'logit__l1_ratio': 1.0}",0.936231884057971,0.9337260677466863,0.9292035398230089,0.9430656934306569,0.9618768328445748,0.9408208035805796,0.01144334020254469,205
