,mean_fit_time,std_fit_time,mean_score_time,std_score_time,param_svm__C,param_svm__class_weight,param_svm__gamma,param_svm__kernel,params,split0_test_score,split1_test_score,split2_test_score,split3_test_score,split4_test_score,mean_test_score,std_test_score,rank_test_score
0,23.25148015022278,0.28950859370512055,5.189638137817383,0.08392159763500182,0.001,,scale,linear,"{'svm__C': 0.001, 'svm__class_weight': None, 'svm__gamma': 'scale', 'svm__kernel': 'linear'}",0.9323529411764706,0.9349112426035503,0.9170437405731523,0.9394387001477105,0.9237668161434978,0.9295026881288763,0.00805265596444037,55
1,55.16210775375366,0.9482399350098781,12.145653915405273,0.19185920706960058,0.001,,scale,poly,"{'svm__C': 0.001, 'svm__class_weight': None, 'svm__gamma': 'scale', 'svm__kernel': 'poly'}",0.0,0.0,0.0,0.0,0.0,0.0,0.0,203
2,165.95204038619994,141.16943003059436,14.237874174118042,0.29269422765203984,0.001,,scale,rbf,"{'svm__C': 0.001, 'svm__class_weight': None, 'svm__gamma': 'scale', 'svm__kernel': 'rbf'}",0.0,0.0,0.0,0.0,0.0,0.0,0.0,203
3,338.41912879943845,0.11821960764478114,89.84947681427002,39.62424808345772,0.001,,scale,sigmoid,"{'svm__C': 0.001, 'svm__class_weight': None, 'svm__gamma': 'scale', 'svm__kernel': 'sigmoid'}",0.0,0.0,0.0,0.0,0.0,0.0,0.0,203
4,138.49125123023987,94.2449440962342,24.397957420349123,39.40730344370906,0.001,,auto,linear,"{'svm__C': 0.001, 'svm__class_weight': None, 'svm__gamma': 'auto', 'svm__kernel': 'linear'}",0.9323529411764706,0.9349112426035503,0.9170437405731523,0.9394387001477105,0.9237668161434978,0.9295026881288763,0.00805265596444037,55
5,388.7461363315582,0.4457373718672746,13.131059885025024,0.1538419241529437,0.001,,auto,poly,"{'svm__C': 0.001, 'svm__class_weight': None, 'svm__gamma': 'auto', 'svm__kernel': 'poly'}",0.0,0.0,0.0,0.0,0.0,0.0,0.0,203
6,254.82921781539918,159.9676154290381,16.567931938171387,0.35924314687623204,0.001,,auto,rbf,"{'svm__C': 0.001, 'svm__class_weight': None, 'svm__gamma': 'auto', 'svm__kernel': 'rbf'}",0.0,0.0,0.0,0.0,0.0,0.0,0.0,203
7,58.7053081035614,0.29667419534655676,12.393307495117188,0.13087183276090716,0.001,,auto,sigmoid,"{'svm__C': 0.001, 'svm__class_weight': None, 'svm__gamma': 'auto', 'svm__kernel': 'sigmoid'}",0.0,0.0,0.0,0.0,0.0,0.0,0.0,203
8,25.449910163879395,0.48930709768670716,5.460374450683593,0.15453098504359838,0.001,balanced,scale,linear,"{'svm__C': 0.001, 'svm__class_weight': 'balanced', 'svm__gamma': 'scale', 'svm__kernel': 'linear'}",0.9323529411764706,0.9378698224852071,0.9186746987951807,0.9378698224852071,0.9237668161434978,0.9301068202171127,0.007700162591169038,49
9,69.04091958999634,0.5111012871296934,14.436297464370728,0.11869420593954608,0.001,balanced,scale,poly,"{'svm__C': 0.001, 'svm__class_weight': 'balanced', 'svm__gamma': 'scale', 'svm__kernel': 'poly'}",0.5627563576702215,0.0,0.0,0.0,0.0,0.11255127153404429,0.2251025430680886,185
10,67.0678120136261,1.6860828577623397,18.254849910736084,0.18561183159372094,0.001,balanced,scale,rbf,"{'svm__C': 0.001, 'svm__class_weight': 'balanced', 'svm__gamma': 'scale', 'svm__kernel': 'rbf'}",0.5627563576702215,0.0,0.0,0.0,0.0,0.11255127153404429,0.2251025430680886,185
11,65.31303229331971,0.23441560188057312,14.096179294586182,0.4980155667542661,0.001,balanced,scale,sigmoid,"{'svm__C': 0.001, 'svm__class_weight': 'balanced', 'svm__gamma': 'scale', 'svm__kernel': 'sigmoid'}",0.5627563576702215,0.0,0.0,0.0,0.0,0.11255127153404429,0.2251025430680886,185
12,22.14339632987976,0.5163956591136454,4.823659515380859,0.09304882482591262,0.001,balanced,auto,linear,"{'svm__C': 0.001, 'svm__class_weight': 'balanced', 'svm__gamma': 'auto', 'svm__kernel': 'linear'}",0.9323529411764706,0.9378698224852071,0.9186746987951807,0.9378698224852071,0.9237668161434978,0.9301068202171127,0.007700162591169038,49
13,65.9146484375,0.2359041623812847,14.825777769088745,0.24034122388399756,0.001,balanced,auto,poly,"{'svm__C': 0.001, 'svm__class_weight': 'balanced', 'svm__gamma': 'auto', 'svm__kernel': 'poly'}",0.5627563576702215,0.0,0.0,0.0,0.0,0.11255127153404429,0.2251025430680886,185
14,69.85416588783264,0.83897309657271,19.872852563858032,0.9352959945110811,0.001,balanced,auto,rbf,"{'svm__C': 0.001, 'svm__class_weight': 'balanced', 'svm__gamma': 'auto', 'svm__kernel': 'rbf'}",0.5627563576702215,0.0,0.0,0.0,0.0,0.11255127153404429,0.2251025430680886,185
15,70.608567237854,0.8811037834017859,15.668129825592041,0.8429616216941183,0.001,balanced,auto,sigmoid,"{'svm__C': 0.001, 'svm__class_weight': 'balanced', 'svm__gamma': 'auto', 'svm__kernel': 'sigmoid'}",0.5627563576702215,0.0,0.0,0.0,0.0,0.11255127153404429,0.2251025430680886,185
16,24.046519088745118,1.3316605043855088,5.105219936370849,0.19098382009033438,0.101,,scale,linear,"{'svm__C': 0.101, 'svm__class_weight': None, 'svm__gamma': 'scale', 'svm__kernel': 'linear'}",0.9323529411764706,0.9333333333333333,0.9170437405731523,0.9394387001477105,0.9237668161434978,0.9291871062748328,0.007863202427155129,57
17,66.74696393013001,0.9759352645730779,14.48891544342041,0.48536366066446096,0.101,,scale,poly,"{'svm__C': 0.101, 'svm__class_weight': None, 'svm__gamma': 'scale', 'svm__kernel': 'poly'}",0.0,0.0058309037900874635,0.0058309037900874635,0.005813953488372093,0.005813953488372093,0.0046579429113838226,0.0023289837921233692,201
18,55.127537155151366,0.8558080489989208,16.624271869659424,0.3093565311932933,0.101,,scale,rbf,"{'svm__C': 0.101, 'svm__class_weight': None, 'svm__gamma': 'scale', 'svm__kernel': 'rbf'}",0.6981132075471698,0.6933333333333334,0.6614481409001957,0.7105263157894737,0.6549019607843137,0.6836645916708972,0.021654832758820224,147
19,41.56391620635986,0.6797080393046843,8.753602457046508,0.14266994743313707,0.101,,scale,sigmoid,"{'svm__C': 0.101, 'svm__class_weight': None, 'svm__gamma': 'scale', 'svm__kernel': 'sigmoid'}",0.9030206677265501,0.8845528455284553,0.8646864686468647,0.8980891719745223,0.847682119205298,0.879606254616338,0.020765703321266503,141
20,24.009389019012453,0.39552541499076005,5.332708358764648,0.08853553058209507,0.101,,auto,linear,"{'svm__C': 0.101, 'svm__class_weight': None, 'svm__gamma': 'auto', 'svm__kernel': 'linear'}",0.9323529411764706,0.9333333333333333,0.9170437405731523,0.9394387001477105,0.9237668161434978,0.9291871062748328,0.007863202427155129,57
21,69.06111330986023,0.1454367027431171,14.909735727310181,0.482898957041076,0.101,,auto,poly,"{'svm__C': 0.101, 'svm__class_weight': None, 'svm__gamma': 'auto', 'svm__kernel': 'poly'}",0.0,0.0058309037900874635,0.0058309037900874635,0.005813953488372093,0.005813953488372093,0.0046579429113838226,0.0023289837921233692,201
22,56.27036643028259,0.5776720935878882,16.30621256828308,0.20885250972685454,0.101,,auto,rbf,"{'svm__C': 0.101, 'svm__class_weight': None, 'svm__gamma': 'auto', 'svm__kernel': 'rbf'}",0.6981132075471698,0.6933333333333334,0.6614481409001957,0.7105263157894737,0.6549019607843137,0.6836645916708972,0.021654832758820224,147
23,41.362868547439575,0.4413507927016372,8.830822515487672,0.236284798677521,0.101,,auto,sigmoid,"{'svm__C': 0.101, 'svm__class_weight': None, 'svm__gamma': 'auto', 'svm__kernel': 'sigmoid'}",0.9030206677265501,0.8845528455284553,0.8646864686468647,0.8980891719745223,0.847682119205298,0.879606254616338,0.020765703321266503,141
24,23.577016735076903,0.7169108801561451,5.470412111282348,0.36211196489069136,0.101,balanced,scale,linear,"{'svm__C': 0.101, 'svm__class_weight': 'balanced', 'svm__gamma': 'scale', 'svm__kernel': 'linear'}",0.9323529411764706,0.9333333333333333,0.9170437405731523,0.9394387001477105,0.9237668161434978,0.9291871062748328,0.007863202427155129,57
25,72.1496392250061,0.4292858906001239,16.147812032699584,0.20345067463411043,0.101,balanced,scale,poly,"{'svm__C': 0.101, 'svm__class_weight': 'balanced', 'svm__gamma': 'scale', 'svm__kernel': 'poly'}",0.034383954154727794,0.04011461318051576,0.017391304347826087,0.023054755043227664,0.04,0.03098892534525946,0.009207064903523342,199
26,65.10085453987122,1.3218955203429896,18.920667791366576,0.40339938596019564,0.101,balanced,scale,rbf,"{'svm__C': 0.101, 'svm__class_weight': 'balanced', 'svm__gamma': 'scale', 'svm__kernel': 'rbf'}",0.8963317384370016,0.867430441898527,0.8543046357615894,0.8966613672496025,0.830820770519263,0.8691097907731967,0.025251477978577404,143
27,45.43376088142395,0.4807723763433566,10.022583866119385,0.25205201490295187,0.101,balanced,scale,sigmoid,"{'svm__C': 0.101, 'svm__class_weight': 'balanced', 'svm__gamma': 'scale', 'svm__kernel': 'sigmoid'}",0.9278033794162827,0.9287925696594427,0.9139280125195618,0.9292307692307692,0.8979591836734694,0.9195427828999051,0.012206805405524348,119
28,23.850392436981203,0.24883929847059216,5.265176630020141,0.14294545326194977,0.101,balanced,auto,linear,"{'svm__C': 0.101, 'svm__class_weight': 'balanced', 'svm__gamma': 'auto', 'svm__kernel': 'linear'}",0.9323529411764706,0.9333333333333333,0.9170437405731523,0.9394387001477105,0.9237668161434978,0.9291871062748328,0.007863202427155129,57
29,74.34797720909118,0.2844049607908968,14.814587354660034,0.39539583177012194,0.101,balanced,auto,poly,"{'svm__C': 0.101, 'svm__class_weight': 'balanced', 'svm__gamma': 'auto', 'svm__kernel': 'poly'}",0.034383954154727794,0.04011461318051576,0.017391304347826087,0.023054755043227664,0.04,0.03098892534525946,0.009207064903523342,199
30,70.75117025375366,3.0277831481089725,19.570514917373657,0.74443080102177,0.101,balanced,auto,rbf,"{'svm__C': 0.101, 'svm__class_weight': 'balanced', 'svm__gamma': 'auto', 'svm__kernel': 'rbf'}",0.8963317384370016,0.867430441898527,0.8543046357615894,0.8966613672496025,0.830820770519263,0.8691097907731967,0.025251477978577404,143
31,55.84263367652893,1.2361418725603281,10.979679584503174,0.7347604246584151,0.101,balanced,auto,sigmoid,"{'svm__C': 0.101, 'svm__class_weight': 'balanced', 'svm__gamma': 'auto', 'svm__kernel': 'sigmoid'}",0.9278033794162827,0.9287925696594427,0.9139280125195618,0.9292307692307692,0.8979591836734694,0.9195427828999051,0.012206805405524348,119
32,26.701662826538087,2.8290988747724035,5.546411752700806,0.27164937145113305,0.201,,scale,linear,"{'svm__C': 0.201, 'svm__class_weight': None, 'svm__gamma': 'scale', 'svm__kernel': 'linear'}",0.9323529411764706,0.9333333333333333,0.9170437405731523,0.9394387001477105,0.9237668161434978,0.9291871062748328,0.007863202427155129,57
33,69.62986059188843,0.8041964165209027,13.748724317550659,0.49242101031831287,0.201,,scale,poly,"{'svm__C': 0.201, 'svm__class_weight': None, 'svm__gamma': 'scale', 'svm__kernel': 'poly'}",0.045584045584045586,0.034482758620689655,0.017391304347826087,0.034383954154727794,0.045584045584045586,0.03548522165826694,0.010330344188466227,197
34,51.55117359161377,0.4417590338784006,14.553762006759644,0.47362002565356115,0.201,,scale,rbf,"{'svm__C': 0.201, 'svm__class_weight': None, 'svm__gamma': 'scale', 'svm__kernel': 'rbf'}",0.859504132231405,0.8378378378378378,0.823327615780446,0.869281045751634,0.8034782608695652,0.8386857784941777,0.023856385700558397,145
35,34.59009146690369,0.39842776844041455,7.8186235427856445,0.20943209431319934,0.201,,scale,sigmoid,"{'svm__C': 0.201, 'svm__class_weight': None, 'svm__gamma': 'scale', 'svm__kernel': 'sigmoid'}",0.9237947122861586,0.9199372056514914,0.8980891719745223,0.9273570324574961,0.8938193343898574,0.9125994913519051,0.01385787650648619,133
36,24.151745796203613,0.3930090073696417,5.4482146263122555,0.05985121802864907,0.201,,auto,linear,"{'svm__C': 0.201, 'svm__class_weight': None, 'svm__gamma': 'auto', 'svm__kernel': 'linear'}",0.9323529411764706,0.9333333333333333,0.9170437405731523,0.9394387001477105,0.9237668161434978,0.9291871062748328,0.007863202427155129,57
37,70.283029794693,0.35658412002018014,15.6150333404541,0.5212264713447718,0.201,,auto,poly,"{'svm__C': 0.201, 'svm__class_weight': None, 'svm__gamma': 'auto', 'svm__kernel': 'poly'}",0.045584045584045586,0.034482758620689655,0.017391304347826087,0.034383954154727794,0.045584045584045586,0.03548522165826694,0.010330344188466227,197
38,54.41751656532288,1.6407089582876717,16.753163433074953,1.348672548648395,0.201,,auto,rbf,"{'svm__C': 0.201, 'svm__class_weight': None, 'svm__gamma': 'auto', 'svm__kernel': 'rbf'}",0.859504132231405,0.8378378378378378,0.823327615780446,0.869281045751634,0.8034782608695652,0.8386857784941777,0.023856385700558397,145
39,39.17956171035767,0.37973542131365223,7.629053783416748,0.1795351531480588,0.201,,auto,sigmoid,"{'svm__C': 0.201, 'svm__class_weight': None, 'svm__gamma': 'auto', 'svm__kernel': 'sigmoid'}",0.9237947122861586,0.9199372056514914,0.8980891719745223,0.9273570324574961,0.8938193343898574,0.9125994913519051,0.01385787650648619,133
40,27.82479763031006,0.45568741901462617,5.48676176071167,0.308483518325109,0.201,balanced,scale,linear,"{'svm__C': 0.201, 'svm__class_weight': 'balanced', 'svm__gamma': 'scale', 'svm__kernel': 'linear'}",0.9323529411764706,0.9333333333333333,0.9170437405731523,0.9394387001477105,0.9237668161434978,0.9291871062748328,0.007863202427155129,57
41,74.38425159454346,0.961201527027534,16.17471237182617,0.41799497180292444,0.201,balanced,scale,poly,"{'svm__C': 0.201, 'svm__class_weight': 'balanced', 'svm__gamma': 'scale', 'svm__kernel': 'poly'}",0.10497237569060773,0.10526315789473684,0.06779661016949153,0.1307901907356948,0.12568306010928962,0.1069010789199641,0.022176630214841748,193
42,57.619542026519774,0.9650605021151281,17.52249855995178,0.37562346598364343,0.201,balanced,scale,rbf,"{'svm__C': 0.201, 'svm__class_weight': 'balanced', 'svm__gamma': 'scale', 'svm__kernel': 'rbf'}",0.924031007751938,0.9125,0.9027113237639554,0.9323076923076923,0.8821656050955414,0.9107431257838254,0.017469227091934655,135
43,39.01573476791382,0.48527872996988525,8.338353157043457,0.17620736205515133,0.201,balanced,scale,sigmoid,"{'svm__C': 0.201, 'svm__class_weight': 'balanced', 'svm__gamma': 'scale', 'svm__kernel': 'sigmoid'}",0.9351432880844646,0.9361702127659575,0.9235474006116208,0.9491017964071856,0.9218989280245024,0.9331723251787463,0.009862542620431309,39
44,25.05353283882141,0.42711177912231996,5.7154090881347654,0.17789622296046806,0.201,balanced,auto,linear,"{'svm__C': 0.201, 'svm__class_weight': 'balanced', 'svm__gamma': 'auto', 'svm__kernel': 'linear'}",0.9323529411764706,0.9333333333333333,0.9170437405731523,0.9394387001477105,0.9237668161434978,0.9291871062748328,0.007863202427155129,57
45,77.51991529464722,0.6751928111155137,16.22474479675293,0.761408169331648,0.201,balanced,auto,poly,"{'svm__C': 0.201, 'svm__class_weight': 'balanced', 'svm__gamma': 'auto', 'svm__kernel': 'poly'}",0.10497237569060773,0.10526315789473684,0.06779661016949153,0.1307901907356948,0.12568306010928962,0.1069010789199641,0.022176630214841748,193
46,60.663349294662474,2.3055982488857105,17.083422803878783,0.8120541290645906,0.201,balanced,auto,rbf,"{'svm__C': 0.201, 'svm__class_weight': 'balanced', 'svm__gamma': 'auto', 'svm__kernel': 'rbf'}",0.924031007751938,0.9125,0.9027113237639554,0.9323076923076923,0.8821656050955414,0.9107431257838254,0.017469227091934655,135
47,39.47546472549438,0.42163016208238857,8.217047929763794,0.17835655357513305,0.201,balanced,auto,sigmoid,"{'svm__C': 0.201, 'svm__class_weight': 'balanced', 'svm__gamma': 'auto', 'svm__kernel': 'sigmoid'}",0.9351432880844646,0.9361702127659575,0.9235474006116208,0.9491017964071856,0.9218989280245024,0.9331723251787463,0.009862542620431309,39
48,23.898564529418945,0.9577830500508101,5.118067455291748,0.1492426294080219,0.301,,scale,linear,"{'svm__C': 0.301, 'svm__class_weight': None, 'svm__gamma': 'scale', 'svm__kernel': 'linear'}",0.9323529411764706,0.9333333333333333,0.9170437405731523,0.9394387001477105,0.9237668161434978,0.9291871062748328,0.007863202427155129,57
49,68.81844425201416,0.36106663093746144,15.042655992507935,0.47576856129744094,0.301,,scale,poly,"{'svm__C': 0.301, 'svm__class_weight': None, 'svm__gamma': 'scale', 'svm__kernel': 'poly'}",0.09444444444444444,0.07865168539325842,0.05128205128205128,0.11019283746556474,0.08379888268156424,0.08367398025337662,0.01946139149954812,195
50,49.07188353538513,0.907228571380276,14.660712099075317,0.315105972090972,0.301,,scale,rbf,"{'svm__C': 0.301, 'svm__class_weight': None, 'svm__gamma': 'scale', 'svm__kernel': 'rbf'}",0.9047619047619048,0.8885298869143781,0.8735632183908046,0.9015873015873016,0.8528925619834711,0.8842669747275721,0.019168372255914563,139
51,31.011856412887575,0.47422842924706765,6.558396291732788,0.19329564594284207,0.301,,scale,sigmoid,"{'svm__C': 0.301, 'svm__class_weight': None, 'svm__gamma': 'scale', 'svm__kernel': 'sigmoid'}",0.9278033794162827,0.9318885448916409,0.915625,0.9375951293759512,0.9096573208722741,0.9245138749112298,0.010354275548578314,113
52,24.280671405792237,0.34215781246231636,5.172334480285644,0.21828538568833591,0.301,,auto,linear,"{'svm__C': 0.301, 'svm__class_weight': None, 'svm__gamma': 'auto', 'svm__kernel': 'linear'}",0.9323529411764706,0.9333333333333333,0.9170437405731523,0.9394387001477105,0.9237668161434978,0.9291871062748328,0.007863202427155129,57
53,69.15627431869507,0.7660786601354053,14.880755710601807,0.5817005551734769,0.301,,auto,poly,"{'svm__C': 0.301, 'svm__class_weight': None, 'svm__gamma': 'auto', 'svm__kernel': 'poly'}",0.09444444444444444,0.07865168539325842,0.05128205128205128,0.11019283746556474,0.08379888268156424,0.08367398025337662,0.01946139149954812,195
54,49.31349263191223,0.23594713334141584,14.778676748275757,0.30274900051394604,0.301,,auto,rbf,"{'svm__C': 0.301, 'svm__class_weight': None, 'svm__gamma': 'auto', 'svm__kernel': 'rbf'}",0.9047619047619048,0.8885298869143781,0.8735632183908046,0.9015873015873016,0.8528925619834711,0.8842669747275721,0.019168372255914563,139
55,31.672661685943602,0.2989090358762507,7.059751844406128,0.1404777834149205,0.301,,auto,sigmoid,"{'svm__C': 0.301, 'svm__class_weight': None, 'svm__gamma': 'auto', 'svm__kernel': 'sigmoid'}",0.9278033794162827,0.9318885448916409,0.915625,0.9375951293759512,0.9096573208722741,0.9245138749112298,0.010354275548578314,113
56,23.98349885940552,0.5385104459337653,5.119169998168945,0.16136907977249745,0.301,balanced,scale,linear,"{'svm__C': 0.301, 'svm__class_weight': 'balanced', 'svm__gamma': 'scale', 'svm__kernel': 'linear'}",0.9323529411764706,0.9333333333333333,0.9170437405731523,0.9394387001477105,0.9237668161434978,0.9291871062748328,0.007863202427155129,57
57,68.2749695301056,0.3368673355014883,14.544624185562133,0.37431949418419813,0.301,balanced,scale,poly,"{'svm__C': 0.301, 'svm__class_weight': 'balanced', 'svm__gamma': 'scale', 'svm__kernel': 'poly'}",0.17941952506596306,0.1711229946524064,0.11570247933884298,0.18997361477572558,0.18037135278514588,0.16731799332361677,0.02649057857483913,181
58,50.748829412460324,0.3759253474510742,14.771538352966308,0.1240415543274122,0.301,balanced,scale,rbf,"{'svm__C': 0.301, 'svm__class_weight': 'balanced', 'svm__gamma': 'scale', 'svm__kernel': 'rbf'}",0.9325153374233128,0.9230769230769231,0.9148264984227129,0.9312977099236641,0.896551724137931,0.9196536385969087,0.013188830913512056,117
59,33.388289260864255,0.24576514776104924,7.408480882644653,0.2915819028312213,0.301,balanced,scale,sigmoid,"{'svm__C': 0.301, 'svm__class_weight': 'balanced', 'svm__gamma': 'scale', 'svm__kernel': 'sigmoid'}",0.9355322338830585,0.9461077844311377,0.9240121580547113,0.9436201780415431,0.9367469879518072,0.9372038684724515,0.007713275227059894,15
60,23.640625381469725,0.9310097647400182,5.246735048294068,0.08910637885180099,0.301,balanced,auto,linear,"{'svm__C': 0.301, 'svm__class_weight': 'balanced', 'svm__gamma': 'auto', 'svm__kernel': 'linear'}",0.9323529411764706,0.9333333333333333,0.9170437405731523,0.9394387001477105,0.9237668161434978,0.9291871062748328,0.007863202427155129,57
61,69.8687873840332,0.45902677594889,15.251800966262817,0.5524893361418044,0.301,balanced,auto,poly,"{'svm__C': 0.301, 'svm__class_weight': 'balanced', 'svm__gamma': 'auto', 'svm__kernel': 'poly'}",0.17941952506596306,0.1711229946524064,0.11570247933884298,0.18997361477572558,0.18037135278514588,0.16731799332361677,0.02649057857483913,181
62,52.07906837463379,0.605394748593741,14.895752000808717,0.5345724211729486,0.301,balanced,auto,rbf,"{'svm__C': 0.301, 'svm__class_weight': 'balanced', 'svm__gamma': 'auto', 'svm__kernel': 'rbf'}",0.9325153374233128,0.9230769230769231,0.9148264984227129,0.9312977099236641,0.896551724137931,0.9196536385969087,0.013188830913512056,117
63,33.949537944793704,0.5211739452883494,7.251341772079468,0.12421725003761994,0.301,balanced,auto,sigmoid,"{'svm__C': 0.301, 'svm__class_weight': 'balanced', 'svm__gamma': 'auto', 'svm__kernel': 'sigmoid'}",0.9355322338830585,0.9461077844311377,0.9240121580547113,0.9436201780415431,0.9367469879518072,0.9372038684724515,0.007713275227059894,15
64,23.459078073501587,1.2553185717209885,5.438790655136108,0.08955117600015627,0.401,,scale,linear,"{'svm__C': 0.401, 'svm__class_weight': None, 'svm__gamma': 'scale', 'svm__kernel': 'linear'}",0.9323529411764706,0.9333333333333333,0.9170437405731523,0.9394387001477105,0.9237668161434978,0.9291871062748328,0.007863202427155129,57
65,69.83999996185302,0.19333342546631865,14.436464309692383,0.6619672432137496,0.401,,scale,poly,"{'svm__C': 0.401, 'svm__class_weight': None, 'svm__gamma': 'scale', 'svm__kernel': 'poly'}",0.11538461538461539,0.11049723756906077,0.06779661016949153,0.1307901907356948,0.1307901907356948,0.11105176891891147,0.02310541241175058,191
66,48.59730725288391,0.8108696604547148,13.372226142883301,0.33389983393754336,0.401,,scale,rbf,"{'svm__C': 0.401, 'svm__class_weight': None, 'svm__gamma': 'scale', 'svm__kernel': 'rbf'}",0.917057902973396,0.9131121642969984,0.8956661316211878,0.9237947122861586,0.8760064412238325,0.9051274704803147,0.017274882051233332,137
67,29.625124979019166,0.37888992447806935,6.499724292755127,0.15081126799807806,0.401,,scale,sigmoid,"{'svm__C': 0.401, 'svm__class_weight': None, 'svm__gamma': 'scale', 'svm__kernel': 'sigmoid'}",0.9315068493150684,0.9337442218798151,0.9161490683229814,0.9473684210526315,0.9214175654853621,0.9300372252111717,0.010802327565324557,53
68,23.328820610046385,1.1103829351598047,4.982828426361084,0.16467546743983877,0.401,,auto,linear,"{'svm__C': 0.401, 'svm__class_weight': None, 'svm__gamma': 'auto', 'svm__kernel': 'linear'}",0.9323529411764706,0.9333333333333333,0.9170437405731523,0.9394387001477105,0.9237668161434978,0.9291871062748328,0.007863202427155129,57
69,65.52912673950195,0.17436681735565046,14.723997879028321,0.6209579911110896,0.401,,auto,poly,"{'svm__C': 0.401, 'svm__class_weight': None, 'svm__gamma': 'auto', 'svm__kernel': 'poly'}",0.11538461538461539,0.11049723756906077,0.06779661016949153,0.1307901907356948,0.1307901907356948,0.11105176891891147,0.02310541241175058,191
70,45.86174960136414,0.450366325752863,13.477115917205811,0.18569082209775667,0.401,,auto,rbf,"{'svm__C': 0.401, 'svm__class_weight': None, 'svm__gamma': 'auto', 'svm__kernel': 'rbf'}",0.917057902973396,0.9131121642969984,0.8956661316211878,0.9237947122861586,0.8760064412238325,0.9051274704803147,0.017274882051233332,137
71,28.040997791290284,0.37370169292620287,6.1902000427246096,0.12981524874753003,0.401,,auto,sigmoid,"{'svm__C': 0.401, 'svm__class_weight': None, 'svm__gamma': 'auto', 'svm__kernel': 'sigmoid'}",0.9315068493150684,0.9337442218798151,0.9161490683229814,0.9473684210526315,0.9214175654853621,0.9300372252111717,0.010802327565324557,53
72,23.314426994323732,0.3872807420782311,5.232843637466431,0.19043300053195877,0.401,balanced,scale,linear,"{'svm__C': 0.401, 'svm__class_weight': 'balanced', 'svm__gamma': 'scale', 'svm__kernel': 'linear'}",0.9323529411764706,0.9333333333333333,0.9170437405731523,0.9394387001477105,0.9237668161434978,0.9291871062748328,0.007863202427155129,57
73,66.85254616737366,0.23323632410182976,14.181691026687622,0.4871636348048002,0.401,balanced,scale,poly,"{'svm__C': 0.401, 'svm__class_weight': 'balanced', 'svm__gamma': 'scale', 'svm__kernel': 'poly'}",0.23529411764705882,0.21875,0.176,0.24102564102564103,0.22164948453608246,0.21854384864175644,0.022828355308630532,173
74,46.546408367156985,0.5828341757897042,13.779671812057495,0.07554865629820724,0.401,balanced,scale,rbf,"{'svm__C': 0.401, 'svm__class_weight': 'balanced', 'svm__gamma': 'scale', 'svm__kernel': 'rbf'}",0.9359756097560976,0.9247311827956989,0.9221183800623053,0.9379727685325264,0.9130434782608695,0.9267682838814995,0.009213652931837029,111
75,29.165022945404054,0.3536320467008987,6.258196210861206,0.10916036277729928,0.401,balanced,scale,sigmoid,"{'svm__C': 0.401, 'svm__class_weight': 'balanced', 'svm__gamma': 'scale', 'svm__kernel': 'sigmoid'}",0.9359165424739195,0.9508196721311475,0.9291101055806938,0.9498525073746312,0.9415292353823088,0.9414456125885401,0.00826185468883842,13
76,22.401075267791747,0.5352614156993053,5.0217845916748045,0.11174703143219253,0.401,balanced,auto,linear,"{'svm__C': 0.401, 'svm__class_weight': 'balanced', 'svm__gamma': 'auto', 'svm__kernel': 'linear'}",0.9323529411764706,0.9333333333333333,0.9170437405731523,0.9394387001477105,0.9237668161434978,0.9291871062748328,0.007863202427155129,57
77,66.37056837081909,0.241473600490312,16.177731895446776,1.751309411306976,0.401,balanced,auto,poly,"{'svm__C': 0.401, 'svm__class_weight': 'balanced', 'svm__gamma': 'auto', 'svm__kernel': 'poly'}",0.23529411764705882,0.21875,0.176,0.24102564102564103,0.22164948453608246,0.21854384864175644,0.022828355308630532,173
78,48.18781485557556,1.2140308130172204,14.326336908340455,0.3348918691344458,0.401,balanced,auto,rbf,"{'svm__C': 0.401, 'svm__class_weight': 'balanced', 'svm__gamma': 'auto', 'svm__kernel': 'rbf'}",0.9359756097560976,0.9247311827956989,0.9221183800623053,0.9379727685325264,0.9130434782608695,0.9267682838814995,0.009213652931837029,111
79,30.901998281478882,1.6053970648563967,6.304521751403809,0.13708162472349347,0.401,balanced,auto,sigmoid,"{'svm__C': 0.401, 'svm__class_weight': 'balanced', 'svm__gamma': 'auto', 'svm__kernel': 'sigmoid'}",0.9359165424739195,0.9508196721311475,0.9291101055806938,0.9498525073746312,0.9415292353823088,0.9414456125885401,0.00826185468883842,13
80,22.81314573287964,0.4702392176821755,5.066862487792969,0.057575716028034636,0.501,,scale,linear,"{'svm__C': 0.501, 'svm__class_weight': None, 'svm__gamma': 'scale', 'svm__kernel': 'linear'}",0.9323529411764706,0.9333333333333333,0.9170437405731523,0.9394387001477105,0.9237668161434978,0.9291871062748328,0.007863202427155129,57
81,64.9632670879364,0.28278767687108636,14.454720163345337,0.7265761640302333,0.501,,scale,poly,"{'svm__C': 0.501, 'svm__class_weight': None, 'svm__gamma': 'scale', 'svm__kernel': 'poly'}",0.15591397849462366,0.13114754098360656,0.0947075208913649,0.1657754010695187,0.16085790884718498,0.14168047005725976,0.026337551783245563,183
82,44.92889013290405,0.6916206796351153,13.525652980804443,0.49102509695653623,0.501,,scale,rbf,"{'svm__C': 0.501, 'svm__class_weight': None, 'svm__gamma': 'scale', 'svm__kernel': 'rbf'}",0.9254658385093167,0.91875,0.9044585987261147,0.9273570324574961,0.8920634920634921,0.913618992351284,0.0134459001436736,131
83,27.353652048110963,0.28027256280775,5.782033157348633,0.13328056494973492,0.501,,scale,sigmoid,"{'svm__C': 0.501, 'svm__class_weight': None, 'svm__gamma': 'scale', 'svm__kernel': 'sigmoid'}",0.9349470499243571,0.9402756508422665,0.9135802469135802,0.9457831325301205,0.9375951293759512,0.9344362419172552,0.011027807085399844,31
84,23.277962255477906,0.8218150923310835,5.029136848449707,0.14032950490612164,0.501,,auto,linear,"{'svm__C': 0.501, 'svm__class_weight': None, 'svm__gamma': 'auto', 'svm__kernel': 'linear'}",0.9323529411764706,0.9333333333333333,0.9170437405731523,0.9394387001477105,0.9237668161434978,0.9291871062748328,0.007863202427155129,57
85,64.81822643280029,0.12982716647368542,14.297292757034302,0.4895287043196188,0.501,,auto,poly,"{'svm__C': 0.501, 'svm__class_weight': None, 'svm__gamma': 'auto', 'svm__kernel': 'poly'}",0.15591397849462366,0.13114754098360656,0.0947075208913649,0.1657754010695187,0.16085790884718498,0.14168047005725976,0.026337551783245563,183
86,44.36873097419739,0.5153882287582519,13.982109975814819,0.2350202165111658,0.501,,auto,rbf,"{'svm__C': 0.501, 'svm__class_weight': None, 'svm__gamma': 'auto', 'svm__kernel': 'rbf'}",0.9254658385093167,0.91875,0.9044585987261147,0.9273570324574961,0.8920634920634921,0.913618992351284,0.0134459001436736,131
87,26.098003005981447,0.22075907275306816,5.653969669342041,0.15272029592996975,0.501,,auto,sigmoid,"{'svm__C': 0.501, 'svm__class_weight': None, 'svm__gamma': 'auto', 'svm__kernel': 'sigmoid'}",0.9349470499243571,0.9402756508422665,0.9135802469135802,0.9457831325301205,0.9375951293759512,0.9344362419172552,0.011027807085399844,31
88,22.82374963760376,0.5470849316988259,5.049258852005005,0.3041905142788185,0.501,balanced,scale,linear,"{'svm__C': 0.501, 'svm__class_weight': 'balanced', 'svm__gamma': 'scale', 'svm__kernel': 'linear'}",0.9323529411764706,0.9333333333333333,0.9170437405731523,0.9394387001477105,0.9237668161434978,0.9291871062748328,0.007863202427155129,57
89,67.82335262298584,0.22743648578578332,14.04107141494751,0.5002283029143766,0.501,balanced,scale,poly,"{'svm__C': 0.501, 'svm__class_weight': 'balanced', 'svm__gamma': 'scale', 'svm__kernel': 'poly'}",0.25757575757575757,0.23255813953488372,0.2047244094488189,0.2807017543859649,0.23076923076923078,0.24126585834293116,0.025855304114413058,167
90,48.94918599128723,2.373486452648888,15.00540475845337,0.6762518023932487,0.501,balanced,scale,rbf,"{'svm__C': 0.501, 'svm__class_weight': 'balanced', 'svm__gamma': 'scale', 'svm__kernel': 'rbf'}",0.9363636363636364,0.9249617151607963,0.9211746522411128,0.9443609022556391,0.9183359013867488,0.9290393614815867,0.009812640044302157,105
91,31.591026735305785,0.8105389860611452,7.034639596939087,0.40471345040399515,0.501,balanced,scale,sigmoid,"{'svm__C': 0.501, 'svm__class_weight': 'balanced', 'svm__gamma': 'scale', 'svm__kernel': 'sigmoid'}",0.9378698224852071,0.950965824665676,0.933933933933934,0.9473684210526315,0.9388971684053651,0.9418070341085627,0.006336673091586757,11
92,25.661982202529906,1.5270973066272515,5.532067584991455,0.2356754321192978,0.501,balanced,auto,linear,"{'svm__C': 0.501, 'svm__class_weight': 'balanced', 'svm__gamma': 'auto', 'svm__kernel': 'linear'}",0.9323529411764706,0.9333333333333333,0.9170437405731523,0.9394387001477105,0.9237668161434978,0.9291871062748328,0.007863202427155129,57
93,69.78422446250916,1.0073951752288979,14.089702320098876,0.7693589490244571,0.501,balanced,auto,poly,"{'svm__C': 0.501, 'svm__class_weight': 'balanced', 'svm__gamma': 'auto', 'svm__kernel': 'poly'}",0.25757575757575757,0.23255813953488372,0.2047244094488189,0.2807017543859649,0.23076923076923078,0.24126585834293116,0.025855304114413058,167
94,47.41578407287598,1.1001958456411765,14.593005084991455,0.14128670220206402,0.501,balanced,auto,rbf,"{'svm__C': 0.501, 'svm__class_weight': 'balanced', 'svm__gamma': 'auto', 'svm__kernel': 'rbf'}",0.9363636363636364,0.9249617151607963,0.9211746522411128,0.9443609022556391,0.9183359013867488,0.9290393614815867,0.009812640044302157,105
95,28.242375564575195,0.4227682959887674,5.962183904647827,0.27556464352183213,0.501,balanced,auto,sigmoid,"{'svm__C': 0.501, 'svm__class_weight': 'balanced', 'svm__gamma': 'auto', 'svm__kernel': 'sigmoid'}",0.9378698224852071,0.950965824665676,0.933933933933934,0.9473684210526315,0.9388971684053651,0.9418070341085627,0.006336673091586757,11
96,22.939867544174195,0.6918828200078516,4.900215482711792,0.1954519249111116,0.601,,scale,linear,"{'svm__C': 0.601, 'svm__class_weight': None, 'svm__gamma': 'scale', 'svm__kernel': 'linear'}",0.9323529411764706,0.9333333333333333,0.9170437405731523,0.9394387001477105,0.9237668161434978,0.9291871062748328,0.007863202427155129,57
97,65.98257727622986,0.3056380816779011,14.977041578292846,0.5365859205392625,0.601,,scale,poly,"{'svm__C': 0.601, 'svm__class_weight': None, 'svm__gamma': 'scale', 'svm__kernel': 'poly'}",0.18518518518518517,0.15633423180592992,0.12087912087912088,0.1994750656167979,0.18518518518518517,0.16941175773444378,0.028027996833375087,179
98,44.83109426498413,1.0067252336036732,14.116599130630494,0.6719689938736999,0.601,,scale,rbf,"{'svm__C': 0.601, 'svm__class_weight': None, 'svm__gamma': 'scale', 'svm__kernel': 'rbf'}",0.9287925696594427,0.922360248447205,0.9079365079365079,0.9355828220858896,0.8990536277602523,0.9187451551778596,0.013432122477426407,121
99,26.11192317008972,0.2440519076780217,5.603436899185181,0.45444779139228697,0.601,,scale,sigmoid,"{'svm__C': 0.601, 'svm__class_weight': None, 'svm__gamma': 'scale', 'svm__kernel': 'sigmoid'}",0.933933933933934,0.9390243902439024,0.9185867895545314,0.9476831091180867,0.9361702127659575,0.9350796871232824,0.009475490440610364,27
100,22.894651031494142,0.9778795833433568,4.9469822406768795,0.15830587055909434,0.601,,auto,linear,"{'svm__C': 0.601, 'svm__class_weight': None, 'svm__gamma': 'auto', 'svm__kernel': 'linear'}",0.9323529411764706,0.9333333333333333,0.9170437405731523,0.9394387001477105,0.9237668161434978,0.9291871062748328,0.007863202427155129,57
101,66.25781798362732,0.4059793871510569,15.435727453231811,0.5508445211713893,0.601,,auto,poly,"{'svm__C': 0.601, 'svm__class_weight': None, 'svm__gamma': 'auto', 'svm__kernel': 'poly'}",0.18518518518518517,0.15633423180592992,0.12087912087912088,0.1994750656167979,0.18518518518518517,0.16941175773444378,0.028027996833375087,179
102,45.14036087989807,0.8448673057602595,14.916348218917847,0.4912133711141056,0.601,,auto,rbf,"{'svm__C': 0.601, 'svm__class_weight': None, 'svm__gamma': 'auto', 'svm__kernel': 'rbf'}",0.9287925696594427,0.922360248447205,0.9079365079365079,0.9355828220858896,0.8990536277602523,0.9187451551778596,0.013432122477426407,121
103,26.145825147628784,0.40270664670675743,5.6188770771026615,0.07417134991857866,0.601,,auto,sigmoid,"{'svm__C': 0.601, 'svm__class_weight': None, 'svm__gamma': 'auto', 'svm__kernel': 'sigmoid'}",0.933933933933934,0.9390243902439024,0.9185867895545314,0.9476831091180867,0.9361702127659575,0.9350796871232824,0.009475490440610364,27
104,23.166982173919678,0.812473876587337,5.072331857681275,0.11572613936880609,0.601,balanced,scale,linear,"{'svm__C': 0.601, 'svm__class_weight': 'balanced', 'svm__gamma': 'scale', 'svm__kernel': 'linear'}",0.9323529411764706,0.9333333333333333,0.9170437405731523,0.9394387001477105,0.9237668161434978,0.9291871062748328,0.007863202427155129,57
105,66.40768294334411,0.2882783940314582,14.150099802017213,0.6152756807281523,0.601,balanced,scale,poly,"{'svm__C': 0.601, 'svm__class_weight': 'balanced', 'svm__gamma': 'scale', 'svm__kernel': 'poly'}",0.2706766917293233,0.23711340206185566,0.23255813953488372,0.30198019801980197,0.24873096446700507,0.25821187916257393,0.025550675624067896,165
106,45.0987961769104,0.361170257871049,14.80256757736206,0.23451362813360185,0.601,balanced,scale,rbf,"{'svm__C': 0.601, 'svm__class_weight': 'balanced', 'svm__gamma': 'scale', 'svm__kernel': 'rbf'}",0.9379727685325264,0.9296636085626911,0.9183359013867488,0.9443609022556391,0.92,0.9300666361475212,0.010059251517356775,51
107,26.629611873626708,0.44785729119349893,5.659195852279663,0.17241769729722795,0.601,balanced,scale,sigmoid,"{'svm__C': 0.601, 'svm__class_weight': 'balanced', 'svm__gamma': 'scale', 'svm__kernel': 'sigmoid'}",0.9380530973451328,0.9526627218934911,0.9355322338830585,0.948905109489051,0.9402985074626866,0.9430903340146839,0.006568639887843149,5
108,22.990549850463868,0.3664235536878984,4.991167211532593,0.137912141553679,0.601,balanced,auto,linear,"{'svm__C': 0.601, 'svm__class_weight': 'balanced', 'svm__gamma': 'auto', 'svm__kernel': 'linear'}",0.9323529411764706,0.9333333333333333,0.9170437405731523,0.9394387001477105,0.9237668161434978,0.9291871062748328,0.007863202427155129,57
109,65.91514511108399,0.3283133828409816,14.092884063720703,0.5600916483122386,0.601,balanced,auto,poly,"{'svm__C': 0.601, 'svm__class_weight': 'balanced', 'svm__gamma': 'auto', 'svm__kernel': 'poly'}",0.2706766917293233,0.23711340206185566,0.23255813953488372,0.30198019801980197,0.24873096446700507,0.25821187916257393,0.025550675624067896,165
110,44.53782052993775,0.3104417153059645,14.5499746799469,0.14303308586316385,0.601,balanced,auto,rbf,"{'svm__C': 0.601, 'svm__class_weight': 'balanced', 'svm__gamma': 'auto', 'svm__kernel': 'rbf'}",0.9379727685325264,0.9296636085626911,0.9183359013867488,0.9443609022556391,0.92,0.9300666361475212,0.010059251517356775,51
111,26.207277154922487,0.5935610549634335,5.561277055740357,0.1337837225189466,0.601,balanced,auto,sigmoid,"{'svm__C': 0.601, 'svm__class_weight': 'balanced', 'svm__gamma': 'auto', 'svm__kernel': 'sigmoid'}",0.9380530973451328,0.9526627218934911,0.9355322338830585,0.948905109489051,0.9402985074626866,0.9430903340146839,0.006568639887843149,5
112,22.884100818634032,0.43247262362765687,4.943179607391357,0.12785304139587275,0.701,,scale,linear,"{'svm__C': 0.701, 'svm__class_weight': None, 'svm__gamma': 'scale', 'svm__kernel': 'linear'}",0.9323529411764706,0.9333333333333333,0.9170437405731523,0.9394387001477105,0.9237668161434978,0.9291871062748328,0.007863202427155129,57
113,64.75267634391784,0.259587763326353,14.04526662826538,0.4486985063955054,0.701,,scale,poly,"{'svm__C': 0.701, 'svm__class_weight': None, 'svm__gamma': 'scale', 'svm__kernel': 'poly'}",0.20887728459530025,0.176,0.1362397820163488,0.21354166666666666,0.20418848167539266,0.18776944299074166,0.02888999505081749,177
114,43.43211302757263,0.49675347204107667,14.154515743255615,0.10775348752283209,0.701,,scale,rbf,"{'svm__C': 0.701, 'svm__class_weight': None, 'svm__gamma': 'scale', 'svm__kernel': 'rbf'}",0.9323076923076923,0.9256965944272446,0.9165354330708662,0.9375951293759512,0.909375,0.9243019698363509,0.010255517367816096,115
115,24.436407232284544,0.08012553688086316,5.190407562255859,0.12527921038554052,0.701,,scale,sigmoid,"{'svm__C': 0.701, 'svm__class_weight': None, 'svm__gamma': 'scale', 'svm__kernel': 'sigmoid'}",0.9355322338830585,0.9375951293759512,0.916923076923077,0.9476831091180867,0.9333333333333333,0.9342133765267013,0.009943221505614204,35
116,22.830603218078615,0.5994833174071037,4.919649410247803,0.15372615317336757,0.701,,auto,linear,"{'svm__C': 0.701, 'svm__class_weight': None, 'svm__gamma': 'auto', 'svm__kernel': 'linear'}",0.9323529411764706,0.9333333333333333,0.9170437405731523,0.9394387001477105,0.9237668161434978,0.9291871062748328,0.007863202427155129,57
117,64.63092150688172,0.20552807985634344,14.02976107597351,0.6859223928264818,0.701,,auto,poly,"{'svm__C': 0.701, 'svm__class_weight': None, 'svm__gamma': 'auto', 'svm__kernel': 'poly'}",0.20887728459530025,0.176,0.1362397820163488,0.21354166666666666,0.20418848167539266,0.18776944299074166,0.02888999505081749,177
118,43.21037273406982,0.3083338947025559,14.155614519119263,0.1617004702226588,0.701,,auto,rbf,"{'svm__C': 0.701, 'svm__class_weight': None, 'svm__gamma': 'auto', 'svm__kernel': 'rbf'}",0.9323076923076923,0.9256965944272446,0.9165354330708662,0.9375951293759512,0.909375,0.9243019698363509,0.010255517367816096,115
119,24.569754934310915,0.3851856612798407,5.140712833404541,0.19436000073663118,0.701,,auto,sigmoid,"{'svm__C': 0.701, 'svm__class_weight': None, 'svm__gamma': 'auto', 'svm__kernel': 'sigmoid'}",0.9355322338830585,0.9375951293759512,0.916923076923077,0.9476831091180867,0.9333333333333333,0.9342133765267013,0.009943221505614204,35
120,22.80724878311157,0.44749489703040907,4.944783163070679,0.2268036610028294,0.701,balanced,scale,linear,"{'svm__C': 0.701, 'svm__class_weight': 'balanced', 'svm__gamma': 'scale', 'svm__kernel': 'linear'}",0.9323529411764706,0.9333333333333333,0.9170437405731523,0.9394387001477105,0.9237668161434978,0.9291871062748328,0.007863202427155129,57
121,67.81087951660156,0.5970781784670074,14.994738912582397,0.5106676933518872,0.701,balanced,scale,poly,"{'svm__C': 0.701, 'svm__class_weight': 'balanced', 'svm__gamma': 'scale', 'svm__kernel': 'poly'}",0.275,0.23711340206185566,0.24615384615384617,0.3103448275862069,0.24936386768447838,0.2635951886972774,0.02654661714036898,163
122,45.78461952209473,0.6045584932907573,15.087262868881226,0.6374638478400824,0.701,balanced,scale,rbf,"{'svm__C': 0.701, 'svm__class_weight': 'balanced', 'svm__gamma': 'scale', 'svm__kernel': 'rbf'}",0.9347496206373292,0.9361702127659575,0.916923076923077,0.9443609022556391,0.9230769230769231,0.9310561471317852,0.009800240943920303,45
123,26.610038185119627,0.5553136329779174,5.477256488800049,0.2733734467670361,0.701,balanced,scale,sigmoid,"{'svm__C': 0.701, 'svm__class_weight': 'balanced', 'svm__gamma': 'scale', 'svm__kernel': 'sigmoid'}",0.9397944199706314,0.9465875370919882,0.9323308270676691,0.9501466275659824,0.9450222882615156,0.9427763399915573,0.006195017887846664,7
124,22.991013097763062,0.8646481702695998,4.970230913162231,0.11536415405266688,0.701,balanced,auto,linear,"{'svm__C': 0.701, 'svm__class_weight': 'balanced', 'svm__gamma': 'auto', 'svm__kernel': 'linear'}",0.9323529411764706,0.9333333333333333,0.9170437405731523,0.9394387001477105,0.9237668161434978,0.9291871062748328,0.007863202427155129,57
125,67.77136497497558,0.44189747532341334,14.565246152877808,0.33490592677425857,0.701,balanced,auto,poly,"{'svm__C': 0.701, 'svm__class_weight': 'balanced', 'svm__gamma': 'auto', 'svm__kernel': 'poly'}",0.275,0.23711340206185566,0.24615384615384617,0.3103448275862069,0.24936386768447838,0.2635951886972774,0.02654661714036898,163
126,45.679073905944826,0.9855424461934477,14.829369401931762,0.491160596336909,0.701,balanced,auto,rbf,"{'svm__C': 0.701, 'svm__class_weight': 'balanced', 'svm__gamma': 'auto', 'svm__kernel': 'rbf'}",0.9347496206373292,0.9361702127659575,0.916923076923077,0.9443609022556391,0.9230769230769231,0.9310561471317852,0.009800240943920303,45
127,25.28333697319031,0.4780655002067776,5.490330791473388,0.20061910837035624,0.701,balanced,auto,sigmoid,"{'svm__C': 0.701, 'svm__class_weight': 'balanced', 'svm__gamma': 'auto', 'svm__kernel': 'sigmoid'}",0.9397944199706314,0.9465875370919882,0.9323308270676691,0.9501466275659824,0.9450222882615156,0.9427763399915573,0.006195017887846664,7
128,22.94561324119568,0.5534688881043454,4.988916206359863,0.18987355692896252,0.801,,scale,linear,"{'svm__C': 0.801, 'svm__class_weight': None, 'svm__gamma': 'scale', 'svm__kernel': 'linear'}",0.9323529411764706,0.9333333333333333,0.9170437405731523,0.9394387001477105,0.9237668161434978,0.9291871062748328,0.007863202427155129,57
129,66.3362578868866,0.16559992019888564,14.765323162078857,0.8291192870130385,0.801,,scale,poly,"{'svm__C': 0.801, 'svm__class_weight': None, 'svm__gamma': 'scale', 'svm__kernel': 'poly'}",0.2268041237113402,0.2,0.15633423180592992,0.2365038560411311,0.21354166666666666,0.2066367756450136,0.028002980723782246,175
130,44.67051601409912,0.5630482572623761,14.329469013214112,0.21212645460777987,0.801,,scale,rbf,"{'svm__C': 0.801, 'svm__class_weight': None, 'svm__gamma': 'scale', 'svm__kernel': 'rbf'}",0.9355828220858896,0.9256965944272446,0.9184952978056427,0.9409984871406959,0.9144634525660964,0.9270473308051139,0.010008047993739944,109
131,24.167114734649658,0.5646956412038697,5.126610565185547,0.09974485304244843,0.801,,scale,sigmoid,"{'svm__C': 0.801, 'svm__class_weight': None, 'svm__gamma': 'scale', 'svm__kernel': 'sigmoid'}",0.9343283582089552,0.9377845220030349,0.9155145929339478,0.9476831091180867,0.9349470499243571,0.9340515264376762,0.010433137630936265,37
132,23.21523985862732,0.3460935040228848,5.083215379714966,0.15111311797415752,0.801,,auto,linear,"{'svm__C': 0.801, 'svm__class_weight': None, 'svm__gamma': 'auto', 'svm__kernel': 'linear'}",0.9323529411764706,0.9333333333333333,0.9170437405731523,0.9394387001477105,0.9237668161434978,0.9291871062748328,0.007863202427155129,57
133,66.99766635894775,0.23593682440495478,14.483983659744263,0.596645205007098,0.801,,auto,poly,"{'svm__C': 0.801, 'svm__class_weight': None, 'svm__gamma': 'auto', 'svm__kernel': 'poly'}",0.2268041237113402,0.2,0.15633423180592992,0.2365038560411311,0.21354166666666666,0.2066367756450136,0.028002980723782246,175
134,44.74622859954834,0.7389800484531449,14.81855230331421,0.4141648843538439,0.801,,auto,rbf,"{'svm__C': 0.801, 'svm__class_weight': None, 'svm__gamma': 'auto', 'svm__kernel': 'rbf'}",0.9355828220858896,0.9256965944272446,0.9184952978056427,0.9409984871406959,0.9144634525660964,0.9270473308051139,0.010008047993739944,109
135,24.6507625579834,0.4980709597526816,5.256584930419922,0.22808727829595354,0.801,,auto,sigmoid,"{'svm__C': 0.801, 'svm__class_weight': None, 'svm__gamma': 'auto', 'svm__kernel': 'sigmoid'}",0.9343283582089552,0.9377845220030349,0.9155145929339478,0.9476831091180867,0.9349470499243571,0.9340515264376762,0.010433137630936265,37
136,24.639726543426512,0.9927601000239649,6.135241603851318,0.8918381056566423,0.801,balanced,scale,linear,"{'svm__C': 0.801, 'svm__class_weight': 'balanced', 'svm__gamma': 'scale', 'svm__kernel': 'linear'}",0.9323529411764706,0.9333333333333333,0.9170437405731523,0.9394387001477105,0.9237668161434978,0.9291871062748328,0.007863202427155129,57
137,73.43536958694457,0.5895082077887989,14.444810485839843,0.8013641728956553,0.801,balanced,scale,poly,"{'svm__C': 0.801, 'svm__class_weight': 'balanced', 'svm__gamma': 'scale', 'svm__kernel': 'poly'}",0.275,0.2416452442159383,0.2506393861892583,0.31862745098039214,0.24936386768447838,0.26705518981401344,0.02811030043716775,161
138,47.417757511138916,2.344892549045913,15.039261817932129,0.37686914809165895,0.801,balanced,scale,rbf,"{'svm__C': 0.801, 'svm__class_weight': 'balanced', 'svm__gamma': 'scale', 'svm__kernel': 'rbf'}",0.9333333333333333,0.9377845220030349,0.9185867895545314,0.9443609022556391,0.9249617151607963,0.931805452461467,0.009135565678854056,43
139,25.77960424423218,0.5855124790574961,5.337033700942993,0.09286261262859719,0.801,balanced,scale,sigmoid,"{'svm__C': 0.801, 'svm__class_weight': 'balanced', 'svm__gamma': 'scale', 'svm__kernel': 'sigmoid'}",0.9382352941176471,0.948301329394387,0.9325337331334332,0.9532163742690059,0.9450222882615156,0.9434618038351978,0.00731774414312725,3
140,23.151987552642822,0.7302976027503273,4.847587013244629,0.24394850752517366,0.801,balanced,auto,linear,"{'svm__C': 0.801, 'svm__class_weight': 'balanced', 'svm__gamma': 'auto', 'svm__kernel': 'linear'}",0.9323529411764706,0.9333333333333333,0.9170437405731523,0.9394387001477105,0.9237668161434978,0.9291871062748328,0.007863202427155129,57
141,66.05242691040038,0.424952152103726,14.84061164855957,0.4836945081182845,0.801,balanced,auto,poly,"{'svm__C': 0.801, 'svm__class_weight': 'balanced', 'svm__gamma': 'auto', 'svm__kernel': 'poly'}",0.275,0.2416452442159383,0.2506393861892583,0.31862745098039214,0.24936386768447838,0.26705518981401344,0.02811030043716775,161
142,45.26251487731933,1.7013080239086278,15.561571788787841,0.2803550649173513,0.801,balanced,auto,rbf,"{'svm__C': 0.801, 'svm__class_weight': 'balanced', 'svm__gamma': 'auto', 'svm__kernel': 'rbf'}",0.9333333333333333,0.9377845220030349,0.9185867895545314,0.9443609022556391,0.9249617151607963,0.931805452461467,0.009135565678854056,43
143,25.779526901245116,0.6355769147698678,5.987810277938843,0.11908064124373303,0.801,balanced,auto,sigmoid,"{'svm__C': 0.801, 'svm__class_weight': 'balanced', 'svm__gamma': 'auto', 'svm__kernel': 'sigmoid'}",0.9382352941176471,0.948301329394387,0.9325337331334332,0.9532163742690059,0.9450222882615156,0.9434618038351978,0.00731774414312725,3
144,24.745943975448608,0.6842257891832483,5.156078958511353,0.2814554692478202,0.901,,scale,linear,"{'svm__C': 0.901, 'svm__class_weight': None, 'svm__gamma': 'scale', 'svm__kernel': 'linear'}",0.9323529411764706,0.9333333333333333,0.9170437405731523,0.9394387001477105,0.9237668161434978,0.9291871062748328,0.007863202427155129,57
145,67.72218599319459,0.2730922637801199,14.62995367050171,0.058507570114780284,0.901,,scale,poly,"{'svm__C': 0.901, 'svm__class_weight': None, 'svm__gamma': 'scale', 'svm__kernel': 'poly'}",0.25316455696202533,0.21875,0.176,0.2544529262086514,0.22279792746113988,0.2250330821263633,0.028655272751975033,171
146,54.47634129524231,0.29812185396747837,15.128998231887817,0.9141283804218195,0.901,,scale,rbf,"{'svm__C': 0.901, 'svm__class_weight': None, 'svm__gamma': 'scale', 'svm__kernel': 'rbf'}",0.9341500765696784,0.9290123456790124,0.9190031152647975,0.9425981873111783,0.9178294573643411,0.9285186364378015,0.009327318071430474,107
147,23.2990309715271,0.368838347694642,5.140037631988525,0.21068580688612737,0.901,,scale,sigmoid,"{'svm__C': 0.901, 'svm__class_weight': None, 'svm__gamma': 'scale', 'svm__kernel': 'sigmoid'}",0.9345238095238095,0.9379727685325264,0.9143730886850153,0.9478390461997019,0.9367469879518072,0.9342911401785721,0.010953668276002365,33
148,23.532243061065675,0.44719844682994847,4.651089906692505,0.27971440526363006,0.901,,auto,linear,"{'svm__C': 0.901, 'svm__class_weight': None, 'svm__gamma': 'auto', 'svm__kernel': 'linear'}",0.9323529411764706,0.9333333333333333,0.9170437405731523,0.9394387001477105,0.9237668161434978,0.9291871062748328,0.007863202427155129,57
149,68.03578815460205,0.23701054719175205,14.28616795539856,0.58249869875305,0.901,,auto,poly,"{'svm__C': 0.901, 'svm__class_weight': None, 'svm__gamma': 'auto', 'svm__kernel': 'poly'}",0.25316455696202533,0.21875,0.176,0.2544529262086514,0.22279792746113988,0.2250330821263633,0.028655272751975033,171
150,54.949017667770384,1.2412909696139995,15.116783142089844,1.187992373591621,0.901,,auto,rbf,"{'svm__C': 0.901, 'svm__class_weight': None, 'svm__gamma': 'auto', 'svm__kernel': 'rbf'}",0.9341500765696784,0.9290123456790124,0.9190031152647975,0.9425981873111783,0.9178294573643411,0.9285186364378015,0.009327318071430474,107
151,23.891525983810425,0.29299351043647975,4.944988059997558,0.03944248967609352,0.901,,auto,sigmoid,"{'svm__C': 0.901, 'svm__class_weight': None, 'svm__gamma': 'auto', 'svm__kernel': 'sigmoid'}",0.9345238095238095,0.9379727685325264,0.9143730886850153,0.9478390461997019,0.9367469879518072,0.9342911401785721,0.010953668276002365,33
152,24.867726945877074,0.5478813718631623,5.430499744415283,0.28885384855380997,0.901,balanced,scale,linear,"{'svm__C': 0.901, 'svm__class_weight': 'balanced', 'svm__gamma': 'scale', 'svm__kernel': 'linear'}",0.9323529411764706,0.9333333333333333,0.9170437405731523,0.9394387001477105,0.9237668161434978,0.9291871062748328,0.007863202427155129,57
153,72.45665106773376,0.2771291543537102,14.69035358428955,0.6574256909709062,0.901,balanced,scale,poly,"{'svm__C': 0.901, 'svm__class_weight': 'balanced', 'svm__gamma': 'scale', 'svm__kernel': 'poly'}",0.2793017456359102,0.24615384615384617,0.2506393861892583,0.31862745098039214,0.25888324873096447,0.2707211355380742,0.026516432103753963,159
154,58.343293809890746,2.811555749087616,15.663043451309203,1.277980880030213,0.901,balanced,scale,rbf,"{'svm__C': 0.901, 'svm__class_weight': 'balanced', 'svm__gamma': 'scale', 'svm__kernel': 'rbf'}",0.9333333333333333,0.9377845220030349,0.9185867895545314,0.9461077844311377,0.926605504587156,0.9324835867818386,0.00940333524312094,41
155,24.847887182235716,0.5597874388044864,5.115709590911865,0.0949195582296677,0.901,balanced,scale,sigmoid,"{'svm__C': 0.901, 'svm__class_weight': 'balanced', 'svm__gamma': 'scale', 'svm__kernel': 'sigmoid'}",0.9396170839469808,0.9498525073746312,0.9313432835820895,0.9530791788856305,0.9450222882615156,0.9437828684101696,0.007705778326317612,1
156,23.923734283447267,0.6989554673222083,5.718571043014526,0.4139840910231282,0.901,balanced,auto,linear,"{'svm__C': 0.901, 'svm__class_weight': 'balanced', 'svm__gamma': 'auto', 'svm__kernel': 'linear'}",0.9323529411764706,0.9333333333333333,0.9170437405731523,0.9394387001477105,0.9237668161434978,0.9291871062748328,0.007863202427155129,57
157,68.97104816436767,0.14212442401945224,14.76399540901184,0.16944221675183813,0.901,balanced,auto,poly,"{'svm__C': 0.901, 'svm__class_weight': 'balanced', 'svm__gamma': 'auto', 'svm__kernel': 'poly'}",0.2793017456359102,0.24615384615384617,0.2506393861892583,0.31862745098039214,0.25888324873096447,0.2707211355380742,0.026516432103753963,159
158,57.04622011184692,2.121003935687753,16.21245698928833,0.24307449524255306,0.901,balanced,auto,rbf,"{'svm__C': 0.901, 'svm__class_weight': 'balanced', 'svm__gamma': 'auto', 'svm__kernel': 'rbf'}",0.9333333333333333,0.9377845220030349,0.9185867895545314,0.9461077844311377,0.926605504587156,0.9324835867818386,0.00940333524312094,41
159,27.018799686431883,0.628798195844411,5.591612243652344,0.22990639755213235,0.901,balanced,auto,sigmoid,"{'svm__C': 0.901, 'svm__class_weight': 'balanced', 'svm__gamma': 'auto', 'svm__kernel': 'sigmoid'}",0.9396170839469808,0.9498525073746312,0.9313432835820895,0.9530791788856305,0.9450222882615156,0.9437828684101696,0.007705778326317612,1
160,25.779376363754274,0.7021303361943989,5.399297666549683,0.315447353544102,1.001,,scale,linear,"{'svm__C': 1.001, 'svm__class_weight': None, 'svm__gamma': 'scale', 'svm__kernel': 'linear'}",0.9323529411764706,0.9333333333333333,0.9170437405731523,0.9394387001477105,0.9237668161434978,0.9291871062748328,0.007863202427155129,57
161,70.08847713470459,0.4026818587676557,15.035303926467895,0.22889538099261963,1.001,,scale,poly,"{'svm__C': 1.001, 'svm__class_weight': None, 'svm__gamma': 'scale', 'svm__kernel': 'poly'}",0.2619647355163728,0.22797927461139897,0.1856763925729443,0.2676767676767677,0.23195876288659795,0.23505118665281635,0.02927870545185575,169
162,56.09694509506225,1.0358832549784565,15.654437065124512,0.7242975709654228,1.001,,scale,rbf,"{'svm__C': 1.001, 'svm__class_weight': None, 'svm__gamma': 'scale', 'svm__kernel': 'rbf'}",0.934351145038168,0.9372128637059725,0.9190031152647975,0.9425981873111783,0.9195046439628483,0.9305339910565928,0.009584679749422443,47
163,22.05009255409241,0.39287925142780494,4.810167026519776,0.09024120922822003,1.001,,scale,sigmoid,"{'svm__C': 1.001, 'svm__class_weight': None, 'svm__gamma': 'scale', 'svm__kernel': 'sigmoid'}",0.9361069836552749,0.9379727685325264,0.916030534351145,0.9495548961424333,0.9367469879518072,0.9352824341266374,0.010811119424050834,25
164,22.29362072944641,0.3727109153086156,4.918152856826782,0.484457403568065,1.001,,auto,linear,"{'svm__C': 1.001, 'svm__class_weight': None, 'svm__gamma': 'auto', 'svm__kernel': 'linear'}",0.9323529411764706,0.9333333333333333,0.9170437405731523,0.9394387001477105,0.9237668161434978,0.9291871062748328,0.007863202427155129,57
165,68.7641891002655,0.25146034933853634,14.187960863113403,0.42885839408539866,1.001,,auto,poly,"{'svm__C': 1.001, 'svm__class_weight': None, 'svm__gamma': 'auto', 'svm__kernel': 'poly'}",0.2619647355163728,0.22797927461139897,0.1856763925729443,0.2676767676767677,0.23195876288659795,0.23505118665281635,0.02927870545185575,169
166,57.11689863204956,1.0530694359908666,14.82815866470337,1.2665817446062826,1.001,,auto,rbf,"{'svm__C': 1.001, 'svm__class_weight': None, 'svm__gamma': 'auto', 'svm__kernel': 'rbf'}",0.934351145038168,0.9372128637059725,0.9190031152647975,0.9425981873111783,0.9195046439628483,0.9305339910565928,0.009584679749422443,47
167,22.56380100250244,0.49696803833169284,5.536906385421753,0.31364869014347857,1.001,,auto,sigmoid,"{'svm__C': 1.001, 'svm__class_weight': None, 'svm__gamma': 'auto', 'svm__kernel': 'sigmoid'}",0.9361069836552749,0.9379727685325264,0.916030534351145,0.9495548961424333,0.9367469879518072,0.9352824341266374,0.010811119424050834,25
168,25.884860515594482,0.6362055080589647,5.359835243225097,0.33998253488566976,1.001,balanced,scale,linear,"{'svm__C': 1.001, 'svm__class_weight': 'balanced', 'svm__gamma': 'scale', 'svm__kernel': 'linear'}",0.9323529411764706,0.9333333333333333,0.9170437405731523,0.9394387001477105,0.9237668161434978,0.9291871062748328,0.007863202427155129,57
169,69.16314268112183,1.4738065083258887,14.5609619140625,0.37542750055332114,1.001,balanced,scale,poly,"{'svm__C': 1.001, 'svm__class_weight': 'balanced', 'svm__gamma': 'scale', 'svm__kernel': 'poly'}",0.2835820895522388,0.24615384615384617,0.25510204081632654,0.31862745098039214,0.25888324873096447,0.2724697352467536,0.026202192978377323,157
170,56.777335262298585,0.9854034874829884,14.632662773132324,0.24054102800390553,1.001,balanced,scale,rbf,"{'svm__C': 1.001, 'svm__class_weight': 'balanced', 'svm__gamma': 'scale', 'svm__kernel': 'rbf'}",0.9365558912386707,0.9409984871406959,0.9202453987730062,0.9475262368815592,0.9282442748091603,0.9347140577686185,0.009573280747579885,29
171,23.89054079055786,0.4620271139296177,5.04673662185669,0.20753282073765714,1.001,balanced,scale,sigmoid,"{'svm__C': 1.001, 'svm__class_weight': 'balanced', 'svm__gamma': 'scale', 'svm__kernel': 'sigmoid'}",0.9352941176470588,0.95,0.9327354260089686,0.9501466275659824,0.9436201780415431,0.9423592698527106,0.007254630697927661,9
172,22.913753175735472,0.49110823303152595,4.695975589752197,0.2726060035960184,1.001,balanced,auto,linear,"{'svm__C': 1.001, 'svm__class_weight': 'balanced', 'svm__gamma': 'auto', 'svm__kernel': 'linear'}",0.9323529411764706,0.9333333333333333,0.9170437405731523,0.9394387001477105,0.9237668161434978,0.9291871062748328,0.007863202427155129,57
173,65.11111497879028,0.2881853528307419,14.190378999710083,0.40993393686817386,1.001,balanced,auto,poly,"{'svm__C': 1.001, 'svm__class_weight': 'balanced', 'svm__gamma': 'auto', 'svm__kernel': 'poly'}",0.2835820895522388,0.24615384615384617,0.25510204081632654,0.31862745098039214,0.25888324873096447,0.2724697352467536,0.026202192978377323,157
174,55.00527410507202,0.37062569314158234,14.58701844215393,0.3865767973816179,1.001,balanced,auto,rbf,"{'svm__C': 1.001, 'svm__class_weight': 'balanced', 'svm__gamma': 'auto', 'svm__kernel': 'rbf'}",0.9365558912386707,0.9409984871406959,0.9202453987730062,0.9475262368815592,0.9282442748091603,0.9347140577686185,0.009573280747579885,29
175,22.812993860244752,0.3401981385741699,5.0891557216644285,0.3076148028972689,1.001,balanced,auto,sigmoid,"{'svm__C': 1.001, 'svm__class_weight': 'balanced', 'svm__gamma': 'auto', 'svm__kernel': 'sigmoid'}",0.9352941176470588,0.95,0.9327354260089686,0.9501466275659824,0.9436201780415431,0.9423592698527106,0.007254630697927661,9
176,24.375348806381226,0.7819161340866844,4.971820306777954,0.2812186786679145,5.0,,scale,linear,"{'svm__C': 5, 'svm__class_weight': None, 'svm__gamma': 'scale', 'svm__kernel': 'linear'}",0.9323529411764706,0.9333333333333333,0.9170437405731523,0.9394387001477105,0.9237668161434978,0.9291871062748328,0.007863202427155129,57
177,68.18215646743775,0.9543372756299192,14.68322491645813,0.15937712429585615,5.0,,scale,poly,"{'svm__C': 5, 'svm__class_weight': None, 'svm__gamma': 'scale', 'svm__kernel': 'poly'}",0.3046683046683047,0.2595419847328244,0.2595419847328244,0.32682926829268294,0.27204030226700254,0.28452436893872785,0.0268312266507233,149
178,59.19216809272766,0.5245319225817784,15.296629190444946,0.12595817510984156,5.0,,scale,rbf,"{'svm__C': 5, 'svm__class_weight': None, 'svm__gamma': 'scale', 'svm__kernel': 'rbf'}",0.9363636363636364,0.9425981873111783,0.9249617151607963,0.9505247376311844,0.9280245022970903,0.9364945557527772,0.009368731816959902,17
179,19.23299217224121,0.3111166626635237,3.8325473785400392,0.10796319511087354,5.0,,scale,sigmoid,"{'svm__C': 5, 'svm__class_weight': None, 'svm__gamma': 'scale', 'svm__kernel': 'sigmoid'}",0.9206349206349206,0.9290882778581766,0.8942598187311178,0.9352941176470588,0.9115442278860569,0.9181642725514662,0.01438135939828704,127
180,24.499898147583007,0.29964854709083777,4.85750823020935,0.20426721150012164,5.0,,auto,linear,"{'svm__C': 5, 'svm__class_weight': None, 'svm__gamma': 'auto', 'svm__kernel': 'linear'}",0.9323529411764706,0.9333333333333333,0.9170437405731523,0.9394387001477105,0.9237668161434978,0.9291871062748328,0.007863202427155129,57
181,68.47895998954773,0.23255253211590618,14.398898124694824,0.602299867914108,5.0,,auto,poly,"{'svm__C': 5, 'svm__class_weight': None, 'svm__gamma': 'auto', 'svm__kernel': 'poly'}",0.3046683046683047,0.2595419847328244,0.2595419847328244,0.32682926829268294,0.27204030226700254,0.28452436893872785,0.0268312266507233,149
182,59.65860133171081,0.4259723954014411,16.19523768424988,0.4672588007306615,5.0,,auto,rbf,"{'svm__C': 5, 'svm__class_weight': None, 'svm__gamma': 'auto', 'svm__kernel': 'rbf'}",0.9363636363636364,0.9425981873111783,0.9249617151607963,0.9505247376311844,0.9280245022970903,0.9364945557527772,0.009368731816959902,17
183,18.809582233428955,0.3646741510868597,3.9016412258148194,0.2662228271147279,5.0,,auto,sigmoid,"{'svm__C': 5, 'svm__class_weight': None, 'svm__gamma': 'auto', 'svm__kernel': 'sigmoid'}",0.9206349206349206,0.9290882778581766,0.8942598187311178,0.9352941176470588,0.9115442278860569,0.9181642725514662,0.01438135939828704,127
184,25.335227489471436,0.445039675028636,4.997300720214843,0.2344988239231608,5.0,balanced,scale,linear,"{'svm__C': 5, 'svm__class_weight': 'balanced', 'svm__gamma': 'scale', 'svm__kernel': 'linear'}",0.9323529411764706,0.9333333333333333,0.9170437405731523,0.9394387001477105,0.9237668161434978,0.9291871062748328,0.007863202427155129,57
185,66.62840194702149,0.5630326661684139,13.770754528045654,0.6659930555350413,5.0,balanced,scale,poly,"{'svm__C': 5, 'svm__class_weight': 'balanced', 'svm__gamma': 'scale', 'svm__kernel': 'poly'}",0.3046683046683047,0.2595419847328244,0.2595419847328244,0.32682926829268294,0.27204030226700254,0.28452436893872785,0.0268312266507233,149
186,59.67197375297546,2.2310790419835076,14.927373170852661,1.015754076080199,5.0,balanced,scale,rbf,"{'svm__C': 5, 'svm__class_weight': 'balanced', 'svm__gamma': 'scale', 'svm__kernel': 'rbf'}",0.9363636363636364,0.9425981873111783,0.9249617151607963,0.9505247376311844,0.9280245022970903,0.9364945557527772,0.009368731816959902,17
187,19.970629835128783,0.7437176626683077,4.488654947280883,0.23740747356366176,5.0,balanced,scale,sigmoid,"{'svm__C': 5, 'svm__class_weight': 'balanced', 'svm__gamma': 'scale', 'svm__kernel': 'sigmoid'}",0.9195402298850575,0.9273255813953488,0.8939393939393939,0.9325513196480938,0.9088191330343797,0.9164351315804546,0.013798816589495945,129
188,27.202163791656496,0.7287449407281689,4.974683856964111,0.16964592635252007,5.0,balanced,auto,linear,"{'svm__C': 5, 'svm__class_weight': 'balanced', 'svm__gamma': 'auto', 'svm__kernel': 'linear'}",0.9323529411764706,0.9333333333333333,0.9170437405731523,0.9394387001477105,0.9237668161434978,0.9291871062748328,0.007863202427155129,57
189,72.92637038230896,1.2027781733493792,13.783866262435913,1.0920126804556596,5.0,balanced,auto,poly,"{'svm__C': 5, 'svm__class_weight': 'balanced', 'svm__gamma': 'auto', 'svm__kernel': 'poly'}",0.3046683046683047,0.2595419847328244,0.2595419847328244,0.32682926829268294,0.27204030226700254,0.28452436893872785,0.0268312266507233,149
190,60.506690406799315,3.1844357814154267,14.40589780807495,0.631854769921042,5.0,balanced,auto,rbf,"{'svm__C': 5, 'svm__class_weight': 'balanced', 'svm__gamma': 'auto', 'svm__kernel': 'rbf'}",0.9363636363636364,0.9425981873111783,0.9249617151607963,0.9505247376311844,0.9280245022970903,0.9364945557527772,0.009368731816959902,17
191,17.89900221824646,0.4592174887294467,3.7530893802642824,0.227057173260941,5.0,balanced,auto,sigmoid,"{'svm__C': 5, 'svm__class_weight': 'balanced', 'svm__gamma': 'auto', 'svm__kernel': 'sigmoid'}",0.9195402298850575,0.9273255813953488,0.8939393939393939,0.9325513196480938,0.9088191330343797,0.9164351315804546,0.013798816589495945,129
192,24.83215460777283,0.7009486733649783,4.791335821151733,0.3714648726014306,10.0,,scale,linear,"{'svm__C': 10, 'svm__class_weight': None, 'svm__gamma': 'scale', 'svm__kernel': 'linear'}",0.9323529411764706,0.9333333333333333,0.9170437405731523,0.9394387001477105,0.9237668161434978,0.9291871062748328,0.007863202427155129,57
193,70.52952303886414,0.2916849492329211,13.710818147659301,0.7334703970358708,10.0,,scale,poly,"{'svm__C': 10, 'svm__class_weight': None, 'svm__gamma': 'scale', 'svm__kernel': 'poly'}",0.3046683046683047,0.2595419847328244,0.2595419847328244,0.32682926829268294,0.27204030226700254,0.28452436893872785,0.0268312266507233,149
194,59.56573963165283,2.437712807379954,14.340290975570678,0.19263570612361602,10.0,,scale,rbf,"{'svm__C': 10, 'svm__class_weight': None, 'svm__gamma': 'scale', 'svm__kernel': 'rbf'}",0.9363636363636364,0.9425981873111783,0.9249617151607963,0.9505247376311844,0.9280245022970903,0.9364945557527772,0.009368731816959902,17
195,18.479584312438966,0.345496680072238,3.6200312614440917,0.10491287273811209,10.0,,scale,sigmoid,"{'svm__C': 10, 'svm__class_weight': None, 'svm__gamma': 'scale', 'svm__kernel': 'sigmoid'}",0.9175108538350217,0.9286754002911208,0.9036144578313253,0.9294117647058824,0.912850812407681,0.9184126578142063,0.009767684813079103,125
196,23.28530626296997,0.4091876569987564,4.690350484848023,0.1963417310477726,10.0,,auto,linear,"{'svm__C': 10, 'svm__class_weight': None, 'svm__gamma': 'auto', 'svm__kernel': 'linear'}",0.9323529411764706,0.9333333333333333,0.9170437405731523,0.9394387001477105,0.9237668161434978,0.9291871062748328,0.007863202427155129,57
197,66.42634773254395,0.3121648825877463,14.056185626983643,0.6599432453370642,10.0,,auto,poly,"{'svm__C': 10, 'svm__class_weight': None, 'svm__gamma': 'auto', 'svm__kernel': 'poly'}",0.3046683046683047,0.2595419847328244,0.2595419847328244,0.32682926829268294,0.27204030226700254,0.28452436893872785,0.0268312266507233,149
198,57.436183547973634,0.954217716478882,14.40476622581482,0.11945610450489709,10.0,,auto,rbf,"{'svm__C': 10, 'svm__class_weight': None, 'svm__gamma': 'auto', 'svm__kernel': 'rbf'}",0.9363636363636364,0.9425981873111783,0.9249617151607963,0.9505247376311844,0.9280245022970903,0.9364945557527772,0.009368731816959902,17
199,18.005269479751586,0.2834453109320249,3.5836673259735106,0.07702078771650023,10.0,,auto,sigmoid,"{'svm__C': 10, 'svm__class_weight': None, 'svm__gamma': 'auto', 'svm__kernel': 'sigmoid'}",0.9175108538350217,0.9286754002911208,0.9036144578313253,0.9294117647058824,0.912850812407681,0.9184126578142063,0.009767684813079103,125
200,23.0207426071167,0.43309512545434997,4.805444240570068,0.2838506011973077,10.0,balanced,scale,linear,"{'svm__C': 10, 'svm__class_weight': 'balanced', 'svm__gamma': 'scale', 'svm__kernel': 'linear'}",0.9323529411764706,0.9333333333333333,0.9170437405731523,0.9394387001477105,0.9237668161434978,0.9291871062748328,0.007863202427155129,57
201,70.34643940925598,0.921733449252852,14.743967866897583,0.8040072845770807,10.0,balanced,scale,poly,"{'svm__C': 10, 'svm__class_weight': 'balanced', 'svm__gamma': 'scale', 'svm__kernel': 'poly'}",0.3046683046683047,0.2595419847328244,0.2595419847328244,0.32682926829268294,0.27204030226700254,0.28452436893872785,0.0268312266507233,149
202,61.34581060409546,1.7122366462472325,15.28881483078003,0.19563486352549853,10.0,balanced,scale,rbf,"{'svm__C': 10, 'svm__class_weight': 'balanced', 'svm__gamma': 'scale', 'svm__kernel': 'rbf'}",0.9363636363636364,0.9425981873111783,0.9249617151607963,0.9505247376311844,0.9280245022970903,0.9364945557527772,0.009368731816959902,17
203,19.186810970306396,0.37396715342846004,4.037189388275147,0.2389419256566004,10.0,balanced,scale,sigmoid,"{'svm__C': 10, 'svm__class_weight': 'balanced', 'svm__gamma': 'scale', 'svm__kernel': 'sigmoid'}",0.9190751445086706,0.9286754002911208,0.9036144578313253,0.9294117647058824,0.912850812407681,0.918725515948936,0.009758837740012046,123
204,23.616227436065675,0.6209363219934674,4.925290727615357,0.2072082018358555,10.0,balanced,auto,linear,"{'svm__C': 10, 'svm__class_weight': 'balanced', 'svm__gamma': 'auto', 'svm__kernel': 'linear'}",0.9323529411764706,0.9333333333333333,0.9170437405731523,0.9394387001477105,0.9237668161434978,0.9291871062748328,0.007863202427155129,57
205,68.65801138877869,0.587716626659492,14.093662595748901,0.9222166380600196,10.0,balanced,auto,poly,"{'svm__C': 10, 'svm__class_weight': 'balanced', 'svm__gamma': 'auto', 'svm__kernel': 'poly'}",0.3046683046683047,0.2595419847328244,0.2595419847328244,0.32682926829268294,0.27204030226700254,0.28452436893872785,0.0268312266507233,149
206,54.052907180786136,7.8341464616515575,10.793120193481446,4.327222901435119,10.0,balanced,auto,rbf,"{'svm__C': 10, 'svm__class_weight': 'balanced', 'svm__gamma': 'auto', 'svm__kernel': 'rbf'}",0.9363636363636364,0.9425981873111783,0.9249617151607963,0.9505247376311844,0.9280245022970903,0.9364945557527772,0.009368731816959902,17
207,16.335038709640504,0.3376741719823027,2.699872446060181,0.4123715464130762,10.0,balanced,auto,sigmoid,"{'svm__C': 10, 'svm__class_weight': 'balanced', 'svm__gamma': 'auto', 'svm__kernel': 'sigmoid'}",0.9190751445086706,0.9286754002911208,0.9036144578313253,0.9294117647058824,0.912850812407681,0.918725515948936,0.009758837740012046,123
