mean_fit_time,std_fit_time,mean_score_time,std_score_time,param_svm__C,param_svm__class_weight,param_svm__gamma,param_svm__kernel,params,split0_test_score,split1_test_score,split2_test_score,split3_test_score,split4_test_score,mean_test_score,std_test_score,rank_test_score
92.7310983657837,1.1069889498364744,3.1812050342559814,0.052772931215078325,0.001,,scale,linear,"{'svm__C': 0.001, 'svm__class_weight': None, 'svm__gamma': 'scale', 'svm__kernel': 'linear'}",0.9147058823529411,0.9219219219219219,0.9235382308845578,0.9364844903988183,0.9497041420118343,0.9292709335140147,0.012398096455414846,57
208.6670768737793,1.2853975926939734,7.586086416244507,0.20588679655793962,0.001,,scale,poly,"{'svm__C': 0.001, 'svm__class_weight': None, 'svm__gamma': 'scale', 'svm__kernel': 'poly'}",0.0,0.0,0.0,0.0,0.0,0.0,0.0,203
231.50186967849731,1.0291065340220895,11.595651626586914,0.2719837050048563,0.001,,scale,rbf,"{'svm__C': 0.001, 'svm__class_weight': None, 'svm__gamma': 'scale', 'svm__kernel': 'rbf'}",0.0,0.0,0.0,0.0,0.0,0.0,0.0,203
202.87088479995728,1.1776334730026,7.499130582809448,0.060158813617171514,0.001,,scale,sigmoid,"{'svm__C': 0.001, 'svm__class_weight': None, 'svm__gamma': 'scale', 'svm__kernel': 'sigmoid'}",0.0,0.0,0.0,0.0,0.0,0.0,0.0,203
90.16395964622498,2.0731557748468226,3.0857587814331056,0.29357855088959484,0.001,,auto,linear,"{'svm__C': 0.001, 'svm__class_weight': None, 'svm__gamma': 'auto', 'svm__kernel': 'linear'}",0.9147058823529411,0.9219219219219219,0.9235382308845578,0.9364844903988183,0.9497041420118343,0.9292709335140147,0.012398096455414846,57
207.30828242301942,1.7451187663037466,8.004629755020142,0.10350694334316124,0.001,,auto,poly,"{'svm__C': 0.001, 'svm__class_weight': None, 'svm__gamma': 'auto', 'svm__kernel': 'poly'}",0.0,0.0,0.0,0.0,0.0,0.0,0.0,203
230.03384227752684,0.50545554516722,11.764416551589965,0.564492754883736,0.001,,auto,rbf,"{'svm__C': 0.001, 'svm__class_weight': None, 'svm__gamma': 'auto', 'svm__kernel': 'rbf'}",0.0,0.0,0.0,0.0,0.0,0.0,0.0,203
202.33380575180053,1.244929957629292,7.403846025466919,0.16950960251616948,0.001,,auto,sigmoid,"{'svm__C': 0.001, 'svm__class_weight': None, 'svm__gamma': 'auto', 'svm__kernel': 'sigmoid'}",0.0,0.0,0.0,0.0,0.0,0.0,0.0,203
90.68955135345459,2.1674826098493503,3.1606414318084717,0.04459998602434833,0.001,balanced,scale,linear,"{'svm__C': 0.001, 'svm__class_weight': 'balanced', 'svm__gamma': 'scale', 'svm__kernel': 'linear'}",0.9147058823529411,0.9233082706766917,0.9235382308845578,0.9378698224852071,0.9481481481481482,0.9295140709095092,0.011921010760759031,53
238.5819712162018,1.3598573963770322,9.059948825836182,0.5728422419565111,0.001,balanced,scale,poly,"{'svm__C': 0.001, 'svm__class_weight': 'balanced', 'svm__gamma': 'scale', 'svm__kernel': 'poly'}",0.5627563576702215,0.0,0.0,0.0,0.0,0.11255127153404429,0.2251025430680886,185
264.6819183349609,0.1993299291870992,14.057873201370239,0.11390531571001496,0.001,balanced,scale,rbf,"{'svm__C': 0.001, 'svm__class_weight': 'balanced', 'svm__gamma': 'scale', 'svm__kernel': 'rbf'}",0.5627563576702215,0.0,0.0,0.0,0.0,0.11255127153404429,0.2251025430680886,185
241.0015432357788,1.5683490179969772,9.376098728179931,0.2522443281083747,0.001,balanced,scale,sigmoid,"{'svm__C': 0.001, 'svm__class_weight': 'balanced', 'svm__gamma': 'scale', 'svm__kernel': 'sigmoid'}",0.5627563576702215,0.0,0.0,0.0,0.0,0.11255127153404429,0.2251025430680886,185
90.8381859779358,2.516080294978015,3.193881607055664,0.05116124652193845,0.001,balanced,auto,linear,"{'svm__C': 0.001, 'svm__class_weight': 'balanced', 'svm__gamma': 'auto', 'svm__kernel': 'linear'}",0.9147058823529411,0.9233082706766917,0.9235382308845578,0.9378698224852071,0.9481481481481482,0.9295140709095092,0.011921010760759031,53
239.98983335494995,1.7210170920752623,8.91859312057495,0.23753446224350308,0.001,balanced,auto,poly,"{'svm__C': 0.001, 'svm__class_weight': 'balanced', 'svm__gamma': 'auto', 'svm__kernel': 'poly'}",0.5627563576702215,0.0,0.0,0.0,0.0,0.11255127153404429,0.2251025430680886,185
263.3372729301453,0.9244897295955923,15.543940687179566,0.32565685680086964,0.001,balanced,auto,rbf,"{'svm__C': 0.001, 'svm__class_weight': 'balanced', 'svm__gamma': 'auto', 'svm__kernel': 'rbf'}",0.5627563576702215,0.0,0.0,0.0,0.0,0.11255127153404429,0.2251025430680886,185
240.82863721847534,1.3216282284480958,9.259608221054076,0.3079901610571999,0.001,balanced,auto,sigmoid,"{'svm__C': 0.001, 'svm__class_weight': 'balanced', 'svm__gamma': 'auto', 'svm__kernel': 'sigmoid'}",0.5627563576702215,0.0,0.0,0.0,0.0,0.11255127153404429,0.2251025430680886,185
90.55101976394653,1.8020142324062718,3.1553244590759277,0.08554264079787595,0.101,,scale,linear,"{'svm__C': 0.101, 'svm__class_weight': None, 'svm__gamma': 'scale', 'svm__kernel': 'linear'}",0.9147058823529411,0.9219219219219219,0.9235382308845578,0.9364844903988183,0.9497041420118343,0.9292709335140147,0.012398096455414846,57
238.26155657768248,0.5523172023886861,8.633142232894897,0.4316535187199141,0.101,,scale,poly,"{'svm__C': 0.101, 'svm__class_weight': None, 'svm__gamma': 'scale', 'svm__kernel': 'poly'}",0.0,0.011627906976744186,0.0,0.0,0.005813953488372093,0.0034883720930232558,0.004651162790697674,201
217.1419379711151,0.7795173358271598,11.821683597564697,0.5407208034562492,0.101,,scale,rbf,"{'svm__C': 0.101, 'svm__class_weight': None, 'svm__gamma': 'scale', 'svm__kernel': 'rbf'}",0.674373795761079,0.650887573964497,0.6933333333333334,0.6794625719769674,0.6933333333333334,0.678278121673842,0.0156218282118049,147
152.25128626823425,1.4136202976117889,5.461150407791138,0.16886112834062095,0.101,,scale,sigmoid,"{'svm__C': 0.101, 'svm__class_weight': None, 'svm__gamma': 'scale', 'svm__kernel': 'sigmoid'}",0.8733766233766234,0.8651315789473685,0.8798701298701299,0.8924558587479936,0.9027113237639554,0.8827091029412142,0.013410536001776791,141
90.9444104194641,1.9703899425909768,3.1935693264007567,0.05034923362862892,0.101,,auto,linear,"{'svm__C': 0.101, 'svm__class_weight': None, 'svm__gamma': 'auto', 'svm__kernel': 'linear'}",0.9147058823529411,0.9219219219219219,0.9235382308845578,0.9364844903988183,0.9497041420118343,0.9292709335140147,0.012398096455414846,57
237.69158883094786,1.1254689030374312,8.626949977874755,0.08434732841747004,0.101,,auto,poly,"{'svm__C': 0.101, 'svm__class_weight': None, 'svm__gamma': 'auto', 'svm__kernel': 'poly'}",0.0,0.011627906976744186,0.0,0.0,0.005813953488372093,0.0034883720930232558,0.004651162790697674,201
216.4059860229492,0.5752902643048944,12.120530033111573,0.2507997564015131,0.101,,auto,rbf,"{'svm__C': 0.101, 'svm__class_weight': None, 'svm__gamma': 'auto', 'svm__kernel': 'rbf'}",0.674373795761079,0.650887573964497,0.6933333333333334,0.6794625719769674,0.6933333333333334,0.678278121673842,0.0156218282118049,147
152.17410550117492,1.9401915789029884,5.538521099090576,0.07466237576261468,0.101,,auto,sigmoid,"{'svm__C': 0.101, 'svm__class_weight': None, 'svm__gamma': 'auto', 'svm__kernel': 'sigmoid'}",0.8733766233766234,0.8651315789473685,0.8798701298701299,0.8924558587479936,0.9027113237639554,0.8827091029412142,0.013410536001776791,141
91.5680320262909,1.4617546622878224,3.190959167480469,0.053856790536338676,0.101,balanced,scale,linear,"{'svm__C': 0.101, 'svm__class_weight': 'balanced', 'svm__gamma': 'scale', 'svm__kernel': 'linear'}",0.9147058823529411,0.9219219219219219,0.9235382308845578,0.9364844903988183,0.9497041420118343,0.9292709335140147,0.012398096455414846,57
238.6785961151123,1.633727585230161,9.054070425033569,0.31237007304034764,0.101,balanced,scale,poly,"{'svm__C': 0.101, 'svm__class_weight': 'balanced', 'svm__gamma': 'scale', 'svm__kernel': 'poly'}",0.017341040462427744,0.056818181818181816,0.034482758620689655,0.011594202898550725,0.04,0.03204723675996999,0.01623192368538722,199
240.4441032409668,0.509951893238877,13.63515591621399,0.31873951154062263,0.101,balanced,scale,rbf,"{'svm__C': 0.101, 'svm__class_weight': 'balanced', 'svm__gamma': 'scale', 'svm__kernel': 'rbf'}",0.8599348534201955,0.8509212730318257,0.8760064412238325,0.8792270531400966,0.8816855753646677,0.8695550392361235,0.012017350501845193,143
163.67389364242553,1.6876114883518547,5.893071174621582,0.15409424625067666,0.101,balanced,scale,sigmoid,"{'svm__C': 0.101, 'svm__class_weight': 'balanced', 'svm__gamma': 'scale', 'svm__kernel': 'sigmoid'}",0.9147286821705426,0.9110764430577223,0.9096573208722741,0.9273570324574961,0.9451219512195121,0.9215882859555095,0.013319255009002424,119
90.48270926475524,1.5948873536368617,3.2083123207092283,0.07100544263275625,0.101,balanced,auto,linear,"{'svm__C': 0.101, 'svm__class_weight': 'balanced', 'svm__gamma': 'auto', 'svm__kernel': 'linear'}",0.9147058823529411,0.9219219219219219,0.9235382308845578,0.9364844903988183,0.9497041420118343,0.9292709335140147,0.012398096455414846,57
238.37236523628235,1.023256300254757,9.242065000534058,0.4059469627158842,0.101,balanced,auto,poly,"{'svm__C': 0.101, 'svm__class_weight': 'balanced', 'svm__gamma': 'auto', 'svm__kernel': 'poly'}",0.017341040462427744,0.056818181818181816,0.034482758620689655,0.011594202898550725,0.04,0.03204723675996999,0.01623192368538722,199
240.79598660469054,0.567352345886982,13.662428998947144,0.2460746925351674,0.101,balanced,auto,rbf,"{'svm__C': 0.101, 'svm__class_weight': 'balanced', 'svm__gamma': 'auto', 'svm__kernel': 'rbf'}",0.8599348534201955,0.8509212730318257,0.8760064412238325,0.8792270531400966,0.8816855753646677,0.8695550392361235,0.012017350501845193,143
163.77396969795228,1.6583201336463282,5.926779794692993,0.18798112843985396,0.101,balanced,auto,sigmoid,"{'svm__C': 0.101, 'svm__class_weight': 'balanced', 'svm__gamma': 'auto', 'svm__kernel': 'sigmoid'}",0.9147286821705426,0.9110764430577223,0.9096573208722741,0.9273570324574961,0.9451219512195121,0.9215882859555095,0.013319255009002424,119
90.4233328819275,1.8733506986921973,3.1888421535491944,0.07781469158082906,0.201,,scale,linear,"{'svm__C': 0.201, 'svm__class_weight': None, 'svm__gamma': 'scale', 'svm__kernel': 'linear'}",0.9147058823529411,0.9219219219219219,0.9235382308845578,0.9364844903988183,0.9497041420118343,0.9292709335140147,0.012398096455414846,57
237.46248140335084,1.0445704064691217,8.939605617523194,0.3771317637257997,0.201,,scale,poly,"{'svm__C': 0.201, 'svm__class_weight': None, 'svm__gamma': 'scale', 'svm__kernel': 'poly'}",0.023054755043227664,0.056818181818181816,0.045714285714285714,0.017341040462427744,0.04,0.036585652607624586,0.014545000751358951,197
200.52489433288574,0.9503685940988914,11.387285184860229,0.2085599931607597,0.201,,scale,rbf,"{'svm__C': 0.201, 'svm__class_weight': None, 'svm__gamma': 'scale', 'svm__kernel': 'rbf'}",0.8330522765598651,0.8426395939086294,0.8566666666666667,0.8408710217755444,0.8436974789915966,0.8433854075804605,0.007617626955665746,145
126.25596437454223,2.0243052026572337,4.587434196472168,0.025563654012393355,0.201,,scale,sigmoid,"{'svm__C': 0.201, 'svm__class_weight': None, 'svm__gamma': 'scale', 'svm__kernel': 'sigmoid'}",0.9007874015748032,0.9001584786053882,0.9004739336492891,0.921875,0.9304482225656878,0.9107486072790337,0.012874912194088787,133
91.74881391525268,1.224802780463985,3.1952476501464844,0.09618486471126696,0.201,,auto,linear,"{'svm__C': 0.201, 'svm__class_weight': None, 'svm__gamma': 'auto', 'svm__kernel': 'linear'}",0.9147058823529411,0.9219219219219219,0.9235382308845578,0.9364844903988183,0.9497041420118343,0.9292709335140147,0.012398096455414846,57
236.88839101791382,1.3909172618808854,9.066805982589722,0.3070710182906336,0.201,,auto,poly,"{'svm__C': 0.201, 'svm__class_weight': None, 'svm__gamma': 'auto', 'svm__kernel': 'poly'}",0.023054755043227664,0.056818181818181816,0.045714285714285714,0.017341040462427744,0.04,0.036585652607624586,0.014545000751358951,197
200.60511350631714,0.8805435987977226,10.945878505706787,0.38702359705549616,0.201,,auto,rbf,"{'svm__C': 0.201, 'svm__class_weight': None, 'svm__gamma': 'auto', 'svm__kernel': 'rbf'}",0.8330522765598651,0.8426395939086294,0.8566666666666667,0.8408710217755444,0.8436974789915966,0.8433854075804605,0.007617626955665746,145
125.83544578552247,2.353410821255229,4.498634099960327,0.11774141051137416,0.201,,auto,sigmoid,"{'svm__C': 0.201, 'svm__class_weight': None, 'svm__gamma': 'auto', 'svm__kernel': 'sigmoid'}",0.9007874015748032,0.9001584786053882,0.9004739336492891,0.921875,0.9304482225656878,0.9107486072790337,0.012874912194088787,133
92.053293800354,1.1955654502933428,3.200405740737915,0.0719626493201764,0.201,balanced,scale,linear,"{'svm__C': 0.201, 'svm__class_weight': 'balanced', 'svm__gamma': 'scale', 'svm__kernel': 'linear'}",0.9147058823529411,0.9219219219219219,0.9235382308845578,0.9364844903988183,0.9497041420118343,0.9292709335140147,0.012398096455414846,57
237.96976094245912,1.5210667733683374,8.87498984336853,0.20852316839641818,0.201,balanced,scale,poly,"{'svm__C': 0.201, 'svm__class_weight': 'balanced', 'svm__gamma': 'scale', 'svm__kernel': 'poly'}",0.09444444444444444,0.11570247933884298,0.12602739726027398,0.08913649025069638,0.12568306010928962,0.11019877428070948,0.015571884276272189,191
212.8857428073883,0.7854311612513794,11.93688006401062,0.09460344460055402,0.201,balanced,scale,rbf,"{'svm__C': 0.201, 'svm__class_weight': 'balanced', 'svm__gamma': 'scale', 'svm__kernel': 'rbf'}",0.9017160686427457,0.9018987341772152,0.9001584786053882,0.9144634525660964,0.9192546583850931,0.9074982784753075,0.007815211164424766,135
133.4614722251892,1.7770870299237997,4.7594911575317385,0.18973718457618752,0.201,balanced,scale,sigmoid,"{'svm__C': 0.201, 'svm__class_weight': 'balanced', 'svm__gamma': 'scale', 'svm__kernel': 'sigmoid'}",0.9337349397590361,0.9280245022970903,0.9214501510574018,0.9363636363636364,0.9516616314199395,0.934246972179421,0.010104361070321193,27
91.54558734893799,1.3815122309451382,3.2092461585998535,0.024350787483711812,0.201,balanced,auto,linear,"{'svm__C': 0.201, 'svm__class_weight': 'balanced', 'svm__gamma': 'auto', 'svm__kernel': 'linear'}",0.9147058823529411,0.9219219219219219,0.9235382308845578,0.9364844903988183,0.9497041420118343,0.9292709335140147,0.012398096455414846,57
237.4729302883148,1.7635493216345797,8.851585531234742,0.3789655889975603,0.201,balanced,auto,poly,"{'svm__C': 0.201, 'svm__class_weight': 'balanced', 'svm__gamma': 'auto', 'svm__kernel': 'poly'}",0.09444444444444444,0.11570247933884298,0.12602739726027398,0.08913649025069638,0.12568306010928962,0.11019877428070948,0.015571884276272189,191
212.82702121734619,0.9687123199377217,11.853263568878173,0.1587189157776479,0.201,balanced,auto,rbf,"{'svm__C': 0.201, 'svm__class_weight': 'balanced', 'svm__gamma': 'auto', 'svm__kernel': 'rbf'}",0.9017160686427457,0.9018987341772152,0.9001584786053882,0.9144634525660964,0.9192546583850931,0.9074982784753075,0.007815211164424766,135
133.36095190048218,1.6623289541238646,4.6833634853363035,0.21097099460701366,0.201,balanced,auto,sigmoid,"{'svm__C': 0.201, 'svm__class_weight': 'balanced', 'svm__gamma': 'auto', 'svm__kernel': 'sigmoid'}",0.9337349397590361,0.9280245022970903,0.9214501510574018,0.9363636363636364,0.9516616314199395,0.934246972179421,0.010104361070321193,27
92.14699201583862,1.1870508588433841,3.1914546489715576,0.06844817333699581,0.301,,scale,linear,"{'svm__C': 0.301, 'svm__class_weight': None, 'svm__gamma': 'scale', 'svm__kernel': 'linear'}",0.9147058823529411,0.9219219219219219,0.9235382308845578,0.9364844903988183,0.9497041420118343,0.9292709335140147,0.012398096455414846,57
237.3227192401886,1.6772604126796369,9.088861751556397,0.461190100224853,0.301,,scale,poly,"{'svm__C': 0.301, 'svm__class_weight': None, 'svm__gamma': 'scale', 'svm__kernel': 'poly'}",0.0784313725490196,0.0947075208913649,0.1,0.062146892655367235,0.08913649025069638,0.08488445526928963,0.013429006980573798,195
189.56605105400087,0.8861724930618247,10.318522310256958,0.2883362132282398,0.301,,scale,rbf,"{'svm__C': 0.301, 'svm__class_weight': None, 'svm__gamma': 'scale', 'svm__kernel': 'rbf'}",0.8729641693811075,0.8776508972267537,0.8816855753646677,0.8913738019169329,0.9009584664536742,0.8849265820686274,0.010051139163177568,139
113.04377484321594,1.8897873389750375,4.094359540939331,0.08365095445619335,0.301,,scale,sigmoid,"{'svm__C': 0.301, 'svm__class_weight': None, 'svm__gamma': 'scale', 'svm__kernel': 'sigmoid'}",0.9197530864197531,0.9195046439628483,0.9209302325581395,0.9386503067484663,0.9386503067484663,0.9274977152875348,0.009118781579695754,109
92.13167109489441,0.9273863087213443,3.177075815200806,0.06419383804345385,0.301,,auto,linear,"{'svm__C': 0.301, 'svm__class_weight': None, 'svm__gamma': 'auto', 'svm__kernel': 'linear'}",0.9147058823529411,0.9219219219219219,0.9235382308845578,0.9364844903988183,0.9497041420118343,0.9292709335140147,0.012398096455414846,57
236.91433024406433,1.109260032966593,9.32466082572937,0.1552039877029464,0.301,,auto,poly,"{'svm__C': 0.301, 'svm__class_weight': None, 'svm__gamma': 'auto', 'svm__kernel': 'poly'}",0.0784313725490196,0.0947075208913649,0.1,0.062146892655367235,0.08913649025069638,0.08488445526928963,0.013429006980573798,195
189.28377838134764,0.8502717231627328,10.554691934585572,0.27406519371200894,0.301,,auto,rbf,"{'svm__C': 0.301, 'svm__class_weight': None, 'svm__gamma': 'auto', 'svm__kernel': 'rbf'}",0.8729641693811075,0.8776508972267537,0.8816855753646677,0.8913738019169329,0.9009584664536742,0.8849265820686274,0.010051139163177568,139
112.84101262092591,2.171017375915227,4.089008855819702,0.07683547275325724,0.301,,auto,sigmoid,"{'svm__C': 0.301, 'svm__class_weight': None, 'svm__gamma': 'auto', 'svm__kernel': 'sigmoid'}",0.9197530864197531,0.9195046439628483,0.9209302325581395,0.9386503067484663,0.9386503067484663,0.9274977152875348,0.009118781579695754,109
92.00895156860352,1.2064263030313132,3.2050529956817626,0.05119718716735334,0.301,balanced,scale,linear,"{'svm__C': 0.301, 'svm__class_weight': 'balanced', 'svm__gamma': 'scale', 'svm__kernel': 'linear'}",0.9147058823529411,0.9219219219219219,0.9235382308845578,0.9364844903988183,0.9497041420118343,0.9292709335140147,0.012398096455414846,57
237.08381514549257,1.376554886102477,9.16163148880005,0.24000369518494238,0.301,balanced,scale,poly,"{'svm__C': 0.301, 'svm__class_weight': 'balanced', 'svm__gamma': 'scale', 'svm__kernel': 'poly'}",0.14555256064690028,0.19047619047619047,0.16621983914209115,0.1509433962264151,0.19473684210526315,0.169585765719372,0.020027225658988724,179
198.10716061592103,0.9887280252430096,11.012519025802613,0.21554790641052504,0.301,balanced,scale,rbf,"{'svm__C': 0.301, 'svm__class_weight': 'balanced', 'svm__gamma': 'scale', 'svm__kernel': 'rbf'}",0.9149922720247295,0.9204368174726989,0.9076682316118936,0.9294478527607362,0.9372128637059725,0.9219516075152061,0.010429203227845841,117
118.92369413375854,2.513514271018623,4.25036587715149,0.09815722854103882,0.301,balanced,scale,sigmoid,"{'svm__C': 0.301, 'svm__class_weight': 'balanced', 'svm__gamma': 'scale', 'svm__kernel': 'sigmoid'}",0.9359165424739195,0.9315068493150684,0.9263157894736842,0.9395770392749244,0.9611940298507463,0.9389020500776686,0.011995033793885976,7
91.82196841239929,1.309006967034328,3.2319809913635256,0.07666025215828023,0.301,balanced,auto,linear,"{'svm__C': 0.301, 'svm__class_weight': 'balanced', 'svm__gamma': 'auto', 'svm__kernel': 'linear'}",0.9147058823529411,0.9219219219219219,0.9235382308845578,0.9364844903988183,0.9497041420118343,0.9292709335140147,0.012398096455414846,57
237.04876465797423,1.4022850020640314,9.301087045669556,0.20845200514216594,0.301,balanced,auto,poly,"{'svm__C': 0.301, 'svm__class_weight': 'balanced', 'svm__gamma': 'auto', 'svm__kernel': 'poly'}",0.14555256064690028,0.19047619047619047,0.16621983914209115,0.1509433962264151,0.19473684210526315,0.169585765719372,0.020027225658988724,179
197.93091869354248,0.8513955948120212,11.026387166976928,0.2546071691919106,0.301,balanced,auto,rbf,"{'svm__C': 0.301, 'svm__class_weight': 'balanced', 'svm__gamma': 'auto', 'svm__kernel': 'rbf'}",0.9149922720247295,0.9204368174726989,0.9076682316118936,0.9294478527607362,0.9372128637059725,0.9219516075152061,0.010429203227845841,117
118.92039546966552,2.3756522006545673,4.288757848739624,0.11962771478716949,0.301,balanced,auto,sigmoid,"{'svm__C': 0.301, 'svm__class_weight': 'balanced', 'svm__gamma': 'auto', 'svm__kernel': 'sigmoid'}",0.9359165424739195,0.9315068493150684,0.9263157894736842,0.9395770392749244,0.9611940298507463,0.9389020500776686,0.011995033793885976,7
91.80045795440674,1.3934795121914647,3.2018280029296875,0.06683153058773818,0.401,,scale,linear,"{'svm__C': 0.401, 'svm__class_weight': None, 'svm__gamma': 'scale', 'svm__kernel': 'linear'}",0.9147058823529411,0.9219219219219219,0.9235382308845578,0.9364844903988183,0.9497041420118343,0.9292709335140147,0.012398096455414846,57
237.01321802139282,0.9561378629093723,9.345455551147461,0.18255693692435773,0.401,,scale,poly,"{'svm__C': 0.401, 'svm__class_weight': None, 'svm__gamma': 'scale', 'svm__kernel': 'poly'}",0.09444444444444444,0.11049723756906077,0.13114754098360656,0.08913649025069638,0.12568306010928962,0.11018175467141955,0.01655608820430324,193
183.14699544906617,0.6120279879404451,9.925772666931152,0.40420087217744705,0.401,,scale,rbf,"{'svm__C': 0.401, 'svm__class_weight': None, 'svm__gamma': 'scale', 'svm__kernel': 'rbf'}",0.8987341772151899,0.8974358974358975,0.8963317384370016,0.9105180533751962,0.9148264984227129,0.9035692729771995,0.007594590529181939,137
105.0306932926178,2.2280273907712784,3.7290131092071532,0.15719340618104335,0.401,,scale,sigmoid,"{'svm__C': 0.401, 'svm__class_weight': None, 'svm__gamma': 'scale', 'svm__kernel': 'sigmoid'}",0.9254185692541856,0.9228395061728395,0.9202453987730062,0.9374045801526718,0.9451219512195121,0.9302060011144431,0.009494245185922406,49
92.08838205337524,1.189762580681655,3.187848711013794,0.02769009679178425,0.401,,auto,linear,"{'svm__C': 0.401, 'svm__class_weight': None, 'svm__gamma': 'auto', 'svm__kernel': 'linear'}",0.9147058823529411,0.9219219219219219,0.9235382308845578,0.9364844903988183,0.9497041420118343,0.9292709335140147,0.012398096455414846,57
237.30349888801575,0.7825578020003718,8.87142629623413,0.493247702058426,0.401,,auto,poly,"{'svm__C': 0.401, 'svm__class_weight': None, 'svm__gamma': 'auto', 'svm__kernel': 'poly'}",0.09444444444444444,0.11049723756906077,0.13114754098360656,0.08913649025069638,0.12568306010928962,0.11018175467141955,0.01655608820430324,193
182.9546500682831,0.519226134383446,10.12070894241333,0.12414659246293705,0.401,,auto,rbf,"{'svm__C': 0.401, 'svm__class_weight': None, 'svm__gamma': 'auto', 'svm__kernel': 'rbf'}",0.8987341772151899,0.8974358974358975,0.8963317384370016,0.9105180533751962,0.9148264984227129,0.9035692729771995,0.007594590529181939,137
105.26823177337647,2.293050150798469,3.715404224395752,0.17380795052432904,0.401,,auto,sigmoid,"{'svm__C': 0.401, 'svm__class_weight': None, 'svm__gamma': 'auto', 'svm__kernel': 'sigmoid'}",0.9254185692541856,0.9228395061728395,0.9202453987730062,0.9374045801526718,0.9451219512195121,0.9302060011144431,0.009494245185922406,49
91.97930626869201,1.3068406871621352,3.2333492279052733,0.03710298025279526,0.401,balanced,scale,linear,"{'svm__C': 0.401, 'svm__class_weight': 'balanced', 'svm__gamma': 'scale', 'svm__kernel': 'linear'}",0.9147058823529411,0.9219219219219219,0.9235382308845578,0.9364844903988183,0.9497041420118343,0.9292709335140147,0.012398096455414846,57
236.89806032180786,1.234022649584741,9.229202795028687,0.3400697904749836,0.401,balanced,scale,poly,"{'svm__C': 0.401, 'svm__class_weight': 'balanced', 'svm__gamma': 'scale', 'svm__kernel': 'poly'}",0.23136246786632392,0.21818181818181817,0.22337662337662337,0.17506631299734748,0.2365038560411311,0.21689821569264883,0.021850039858072767,173
188.92431864738464,0.8475194480528888,10.199587297439574,0.22367112371754852,0.401,balanced,scale,rbf,"{'svm__C': 0.401, 'svm__class_weight': 'balanced', 'svm__gamma': 'scale', 'svm__kernel': 'rbf'}",0.9235474006116208,0.9226006191950464,0.9116279069767442,0.9312977099236641,0.9388379204892966,0.9255823114392744,0.009122869129194694,113
110.12507300376892,2.4228492951654537,3.9287681102752687,0.09229639860262899,0.401,balanced,scale,sigmoid,"{'svm__C': 0.401, 'svm__class_weight': 'balanced', 'svm__gamma': 'scale', 'svm__kernel': 'sigmoid'}",0.9375,0.9349470499243571,0.9269746646795827,0.93993993993994,0.9613095238095238,0.9401342356706808,0.01144946270179796,5
92.01105017662049,1.311085840390492,3.2086267948150633,0.06842115717479892,0.401,balanced,auto,linear,"{'svm__C': 0.401, 'svm__class_weight': 'balanced', 'svm__gamma': 'auto', 'svm__kernel': 'linear'}",0.9147058823529411,0.9219219219219219,0.9235382308845578,0.9364844903988183,0.9497041420118343,0.9292709335140147,0.012398096455414846,57
237.48714985847474,0.6932359815972967,9.43021297454834,0.11831824169796934,0.401,balanced,auto,poly,"{'svm__C': 0.401, 'svm__class_weight': 'balanced', 'svm__gamma': 'auto', 'svm__kernel': 'poly'}",0.23136246786632392,0.21818181818181817,0.22337662337662337,0.17506631299734748,0.2365038560411311,0.21689821569264883,0.021850039858072767,173
188.98619542121887,0.8708657390863122,10.974297761917114,0.10649652416744129,0.401,balanced,auto,rbf,"{'svm__C': 0.401, 'svm__class_weight': 'balanced', 'svm__gamma': 'auto', 'svm__kernel': 'rbf'}",0.9235474006116208,0.9226006191950464,0.9116279069767442,0.9312977099236641,0.9388379204892966,0.9255823114392744,0.009122869129194694,113
112.04216947555543,3.1583888913793485,3.9265216827392577,0.1696127520042596,0.401,balanced,auto,sigmoid,"{'svm__C': 0.401, 'svm__class_weight': 'balanced', 'svm__gamma': 'auto', 'svm__kernel': 'sigmoid'}",0.9375,0.9349470499243571,0.9269746646795827,0.93993993993994,0.9613095238095238,0.9401342356706808,0.01144946270179796,5
93.9162621974945,1.3364815754267303,3.2006324768066405,0.0460065119495963,0.501,,scale,linear,"{'svm__C': 0.501, 'svm__class_weight': None, 'svm__gamma': 'scale', 'svm__kernel': 'linear'}",0.9147058823529411,0.9219219219219219,0.9235382308845578,0.9364844903988183,0.9497041420118343,0.9292709335140147,0.012398096455414846,57
246.29272217750548,0.32914008752763374,9.31497950553894,0.41167492198454936,0.501,,scale,poly,"{'svm__C': 0.501, 'svm__class_weight': None, 'svm__gamma': 'scale', 'svm__kernel': 'poly'}",0.11538461538461539,0.15135135135135136,0.14130434782608695,0.12568306010928962,0.1657754010695187,0.1398997551481724,0.01792075603033381,183
186.93801221847534,0.916362676774278,10.106756401062011,0.20092489097553812,0.501,,scale,rbf,"{'svm__C': 0.501, 'svm__class_weight': None, 'svm__gamma': 'scale', 'svm__kernel': 'rbf'}",0.9073783359497645,0.9050632911392406,0.9050632911392406,0.9192546583850931,0.9237947122861586,0.9121108577798994,0.007864852156168715,131
105.28320784568787,3.4045661434122283,3.7865399360656737,0.037934367479474346,0.501,,scale,sigmoid,"{'svm__C': 0.501, 'svm__class_weight': None, 'svm__gamma': 'scale', 'svm__kernel': 'sigmoid'}",0.9272727272727272,0.9233128834355828,0.9174311926605505,0.9377845220030349,0.9531013615733737,0.9317805373890538,0.012558268867973912,37
97.81176600456237,1.4330345607846948,3.3530593395233153,0.044117588480413326,0.501,,auto,linear,"{'svm__C': 0.501, 'svm__class_weight': None, 'svm__gamma': 'auto', 'svm__kernel': 'linear'}",0.9147058823529411,0.9219219219219219,0.9235382308845578,0.9364844903988183,0.9497041420118343,0.9292709335140147,0.012398096455414846,57
244.09734921455384,2.26016809240249,8.897182941436768,0.6820962050927132,0.501,,auto,poly,"{'svm__C': 0.501, 'svm__class_weight': None, 'svm__gamma': 'auto', 'svm__kernel': 'poly'}",0.11538461538461539,0.15135135135135136,0.14130434782608695,0.12568306010928962,0.1657754010695187,0.1398997551481724,0.01792075603033381,183
185.15690741539,0.6790425983466815,9.34018406867981,0.19023186378576903,0.501,,auto,rbf,"{'svm__C': 0.501, 'svm__class_weight': None, 'svm__gamma': 'auto', 'svm__kernel': 'rbf'}",0.9073783359497645,0.9050632911392406,0.9050632911392406,0.9192546583850931,0.9237947122861586,0.9121108577798994,0.007864852156168715,131
100.60217361450195,2.5576363300178016,3.6008910179138183,0.0373165944782,0.501,,auto,sigmoid,"{'svm__C': 0.501, 'svm__class_weight': None, 'svm__gamma': 'auto', 'svm__kernel': 'sigmoid'}",0.9272727272727272,0.9233128834355828,0.9174311926605505,0.9377845220030349,0.9531013615733737,0.9317805373890538,0.012558268867973912,37
92.43246130943298,1.1574619075752801,3.2074182987213136,0.06232019446977588,0.501,balanced,scale,linear,"{'svm__C': 0.501, 'svm__class_weight': 'balanced', 'svm__gamma': 'scale', 'svm__kernel': 'linear'}",0.9147058823529411,0.9219219219219219,0.9235382308845578,0.9364844903988183,0.9497041420118343,0.9292709335140147,0.012398096455414846,57
238.58872990608216,0.3947879208277811,8.969820737838745,0.6255187280818648,0.501,balanced,scale,poly,"{'svm__C': 0.501, 'svm__class_weight': 'balanced', 'svm__gamma': 'scale', 'svm__kernel': 'poly'}",0.26262626262626265,0.2365038560411311,0.2595419847328244,0.18947368421052632,0.26329113924050634,0.24228738537025016,0.028196755293933333,167
189.88204464912414,0.7710580261876566,10.356786155700684,0.19393748447221654,0.501,balanced,scale,rbf,"{'svm__C': 0.501, 'svm__class_weight': 'balanced', 'svm__gamma': 'scale', 'svm__kernel': 'rbf'}",0.926829268292683,0.9261538461538461,0.9166666666666666,0.9329268292682927,0.9420731707317073,0.9289299562226392,0.008381253240431208,107
107.67236661911011,4.493967695806181,3.8447919845581056,0.059920488938104075,0.501,balanced,scale,sigmoid,"{'svm__C': 0.501, 'svm__class_weight': 'balanced', 'svm__gamma': 'scale', 'svm__kernel': 'sigmoid'}",0.9359165424739195,0.9341317365269461,0.9271916790490342,0.9401197604790419,0.9658246656760773,0.9406368768410038,0.013266980564091438,3
96.91202301979065,1.050934557476477,3.2182218074798583,0.08899605447650495,0.501,balanced,auto,linear,"{'svm__C': 0.501, 'svm__class_weight': 'balanced', 'svm__gamma': 'auto', 'svm__kernel': 'linear'}",0.9147058823529411,0.9219219219219219,0.9235382308845578,0.9364844903988183,0.9497041420118343,0.9292709335140147,0.012398096455414846,57
246.92076897621155,1.3512368361813636,9.357581377029419,0.3300504473176333,0.501,balanced,auto,poly,"{'svm__C': 0.501, 'svm__class_weight': 'balanced', 'svm__gamma': 'auto', 'svm__kernel': 'poly'}",0.26262626262626265,0.2365038560411311,0.2595419847328244,0.18947368421052632,0.26329113924050634,0.24228738537025016,0.028196755293933333,167
196.52598729133607,0.8813012246273039,10.341752624511718,0.3208949775426704,0.501,balanced,auto,rbf,"{'svm__C': 0.501, 'svm__class_weight': 'balanced', 'svm__gamma': 'auto', 'svm__kernel': 'rbf'}",0.926829268292683,0.9261538461538461,0.9166666666666666,0.9329268292682927,0.9420731707317073,0.9289299562226392,0.008381253240431208,107
106.43829708099365,0.9688358614145802,3.7756096363067626,0.033330973096659035,0.501,balanced,auto,sigmoid,"{'svm__C': 0.501, 'svm__class_weight': 'balanced', 'svm__gamma': 'auto', 'svm__kernel': 'sigmoid'}",0.9359165424739195,0.9341317365269461,0.9271916790490342,0.9401197604790419,0.9658246656760773,0.9406368768410038,0.013266980564091438,3
92.79391365051269,1.0625109083351012,3.191001796722412,0.06319563223020451,0.601,,scale,linear,"{'svm__C': 0.601, 'svm__class_weight': None, 'svm__gamma': 'scale', 'svm__kernel': 'linear'}",0.9147058823529411,0.9219219219219219,0.9235382308845578,0.9364844903988183,0.9497041420118343,0.9292709335140147,0.012398096455414846,57
243.41623396873473,0.4154231199356395,9.331207418441773,0.4181784026931894,0.601,,scale,poly,"{'svm__C': 0.601, 'svm__class_weight': None, 'svm__gamma': 'scale', 'svm__kernel': 'poly'}",0.1358695652173913,0.19047619047619047,0.16621983914209115,0.14594594594594595,0.18997361477572558,0.16569703111146888,0.022286388977781527,181
182.67085061073303,0.6425584416659947,9.973735141754151,0.16050271345717815,0.601,,scale,rbf,"{'svm__C': 0.601, 'svm__class_weight': None, 'svm__gamma': 'scale', 'svm__kernel': 'rbf'}",0.911353032659409,0.915625,0.9136577708006279,0.9259259259259259,0.9287925696594427,0.9190708598090811,0.006960515961197466,123
98.61528315544129,2.50842862382215,3.555311918258667,0.037070155956248727,0.601,,scale,sigmoid,"{'svm__C': 0.601, 'svm__class_weight': None, 'svm__gamma': 'scale', 'svm__kernel': 'sigmoid'}",0.927710843373494,0.928462709284627,0.916030534351145,0.9381598793363499,0.9578313253012049,0.9336390583293642,0.013983576384469678,29
95.88349728584289,0.9394460907981789,3.2644550800323486,0.054350316960287366,0.601,,auto,linear,"{'svm__C': 0.601, 'svm__class_weight': None, 'svm__gamma': 'auto', 'svm__kernel': 'linear'}",0.9147058823529411,0.9219219219219219,0.9235382308845578,0.9364844903988183,0.9497041420118343,0.9292709335140147,0.012398096455414846,57
244.83081178665162,0.8725859474675051,9.518710803985595,0.6576842180786969,0.601,,auto,poly,"{'svm__C': 0.601, 'svm__class_weight': None, 'svm__gamma': 'auto', 'svm__kernel': 'poly'}",0.1358695652173913,0.19047619047619047,0.16621983914209115,0.14594594594594595,0.18997361477572558,0.16569703111146888,0.022286388977781527,181
183.4534372806549,1.0140489150540157,9.713934946060181,0.3096295183858698,0.601,,auto,rbf,"{'svm__C': 0.601, 'svm__class_weight': None, 'svm__gamma': 'auto', 'svm__kernel': 'rbf'}",0.911353032659409,0.915625,0.9136577708006279,0.9259259259259259,0.9287925696594427,0.9190708598090811,0.006960515961197466,123
98.68828077316284,2.485302649434844,3.5511383056640624,0.029019301741498114,0.601,,auto,sigmoid,"{'svm__C': 0.601, 'svm__class_weight': None, 'svm__gamma': 'auto', 'svm__kernel': 'sigmoid'}",0.927710843373494,0.928462709284627,0.916030534351145,0.9381598793363499,0.9578313253012049,0.9336390583293642,0.013983576384469678,29
95.66683716773987,1.0513985364677896,3.2815314292907716,0.08699443609123723,0.601,balanced,scale,linear,"{'svm__C': 0.601, 'svm__class_weight': 'balanced', 'svm__gamma': 'scale', 'svm__kernel': 'linear'}",0.9147058823529411,0.9219219219219219,0.9235382308845578,0.9364844903988183,0.9497041420118343,0.9292709335140147,0.012398096455414846,57
244.85252933502198,1.8112488165158798,9.261006402969361,0.38045582222904023,0.601,balanced,scale,poly,"{'svm__C': 0.601, 'svm__class_weight': 'balanced', 'svm__gamma': 'scale', 'svm__kernel': 'poly'}",0.2756892230576441,0.25,0.2857142857142857,0.21298701298701297,0.2807017543859649,0.26101845522898154,0.026985083054240664,165
202.2002857208252,1.7318400970893877,9.90024938583374,0.34876747352790377,0.601,balanced,scale,rbf,"{'svm__C': 0.601, 'svm__class_weight': 'balanced', 'svm__gamma': 'scale', 'svm__kernel': 'rbf'}",0.9270516717325228,0.9261538461538461,0.9166666666666666,0.9347496206373292,0.9468892261001517,0.9303022062581032,0.010085747648114872,47
101.92608251571656,2.201711479411833,3.642509651184082,0.03934195448394028,0.601,balanced,scale,sigmoid,"{'svm__C': 0.601, 'svm__class_weight': 'balanced', 'svm__gamma': 'scale', 'svm__kernel': 'sigmoid', 'MODEL_NAME': 'svm', 'TIME_ELAPSED_MIN': 270.91194452047347}",0.9390787518573551,0.9313432835820895,0.9271916790490342,0.9418777943368107,0.965925925925926,0.9410834869502432,0.013488147016507641,1
94.89416732788087,1.2295858459303448,3.2681010246276854,0.05281493072576259,0.601,balanced,auto,linear,"{'svm__C': 0.601, 'svm__class_weight': 'balanced', 'svm__gamma': 'auto', 'svm__kernel': 'linear'}",0.9147058823529411,0.9219219219219219,0.9235382308845578,0.9364844903988183,0.9497041420118343,0.9292709335140147,0.012398096455414846,57
244.45298347473144,1.1905389776197854,9.151161813735962,0.4806866157522751,0.601,balanced,auto,poly,"{'svm__C': 0.601, 'svm__class_weight': 'balanced', 'svm__gamma': 'auto', 'svm__kernel': 'poly'}",0.2756892230576441,0.25,0.2857142857142857,0.21298701298701297,0.2807017543859649,0.26101845522898154,0.026985083054240664,165
201.5131456375122,1.9392814030400003,9.890936422348023,0.3201573811807267,0.601,balanced,auto,rbf,"{'svm__C': 0.601, 'svm__class_weight': 'balanced', 'svm__gamma': 'auto', 'svm__kernel': 'rbf'}",0.9270516717325228,0.9261538461538461,0.9166666666666666,0.9347496206373292,0.9468892261001517,0.9303022062581032,0.010085747648114872,47
101.57475519180298,1.880529459098338,3.5332598209381105,0.29831895941663733,0.601,balanced,auto,sigmoid,"{'svm__C': 0.601, 'svm__class_weight': 'balanced', 'svm__gamma': 'auto', 'svm__kernel': 'sigmoid'}",0.9390787518573551,0.9313432835820895,0.9271916790490342,0.9418777943368107,0.965925925925926,0.9410834869502432,0.013488147016507641,1
95.17058138847351,1.4454945386412092,3.348446989059448,0.1236773716252076,0.701,,scale,linear,"{'svm__C': 0.701, 'svm__class_weight': None, 'svm__gamma': 'scale', 'svm__kernel': 'linear'}",0.9147058823529411,0.9219219219219219,0.9235382308845578,0.9364844903988183,0.9497041420118343,0.9292709335140147,0.012398096455414846,57
249.75878810882568,1.3787479402768,9.323594760894775,0.3368883277290274,0.701,,scale,poly,"{'svm__C': 0.701, 'svm__class_weight': None, 'svm__gamma': 'scale', 'svm__kernel': 'poly'}",0.18997361477572558,0.2,0.19047619047619047,0.16085790884718498,0.21354166666666666,0.19096987615315353,0.017314708781789076,177
207.32406792640685,4.4458982740688215,9.995881748199462,0.29933725195366295,0.701,,scale,rbf,"{'svm__C': 0.701, 'svm__class_weight': None, 'svm__gamma': 'scale', 'svm__kernel': 'rbf'}",0.9180834621329211,0.922360248447205,0.9204368174726989,0.9296636085626911,0.9320987654320988,0.9245285804095229,0.005415901632031827,115
95.4491557598114,1.3644084774455982,3.3619600772857665,0.1541445558456236,0.701,,scale,sigmoid,"{'svm__C': 0.701, 'svm__class_weight': None, 'svm__gamma': 'scale', 'svm__kernel': 'sigmoid'}",0.9295352323838081,0.9237804878048781,0.9162861491628614,0.9385307346326837,0.9592760180995475,0.9334817244167558,0.014806854427816561,31
94.9482280254364,1.352398099988069,3.2873249530792235,0.06314849753173578,0.701,,auto,linear,"{'svm__C': 0.701, 'svm__class_weight': None, 'svm__gamma': 'auto', 'svm__kernel': 'linear'}",0.9147058823529411,0.9219219219219219,0.9235382308845578,0.9364844903988183,0.9497041420118343,0.9292709335140147,0.012398096455414846,57
247.3447226524353,0.554348723244433,9.048382902145386,0.1797800924913573,0.701,,auto,poly,"{'svm__C': 0.701, 'svm__class_weight': None, 'svm__gamma': 'auto', 'svm__kernel': 'poly'}",0.18997361477572558,0.2,0.19047619047619047,0.16085790884718498,0.21354166666666666,0.19096987615315353,0.017314708781789076,177
203.96055121421813,4.657852073793777,10.154732036590577,0.08347326936263709,0.701,,auto,rbf,"{'svm__C': 0.701, 'svm__class_weight': None, 'svm__gamma': 'auto', 'svm__kernel': 'rbf'}",0.9180834621329211,0.922360248447205,0.9204368174726989,0.9296636085626911,0.9320987654320988,0.9245285804095229,0.005415901632031827,115
94.5981306552887,1.2681872309596691,3.306008005142212,0.14132573489908648,0.701,,auto,sigmoid,"{'svm__C': 0.701, 'svm__class_weight': None, 'svm__gamma': 'auto', 'svm__kernel': 'sigmoid'}",0.9295352323838081,0.9237804878048781,0.9162861491628614,0.9385307346326837,0.9592760180995475,0.9334817244167558,0.014806854427816561,31
94.1793119430542,1.3392384847116467,3.3151424407958983,0.11389055514195501,0.701,balanced,scale,linear,"{'svm__C': 0.701, 'svm__class_weight': 'balanced', 'svm__gamma': 'scale', 'svm__kernel': 'linear'}",0.9147058823529411,0.9219219219219219,0.9235382308845578,0.9364844903988183,0.9497041420118343,0.9292709335140147,0.012398096455414846,57
244.93142313957213,0.8937508771574201,9.095931005477905,0.16177184720377297,0.701,balanced,scale,poly,"{'svm__C': 0.701, 'svm__class_weight': 'balanced', 'svm__gamma': 'scale', 'svm__kernel': 'poly'}",0.28,0.25,0.29,0.21761658031088082,0.2807017543859649,0.26366366693936916,0.026675099332477466,163
204.8356562137604,0.5054536651423357,10.299011373519898,0.2630494985018567,0.701,balanced,scale,rbf,"{'svm__C': 0.701, 'svm__class_weight': 'balanced', 'svm__gamma': 'scale', 'svm__kernel': 'rbf'}",0.9288956127080181,0.9261538461538461,0.9143730886850153,0.9347496206373292,0.9500756429652042,0.9308495622298825,0.01168070618325838,45
98.06585812568665,1.6928994719450565,3.444221830368042,0.10878080312781861,0.701,balanced,scale,sigmoid,"{'svm__C': 0.701, 'svm__class_weight': 'balanced', 'svm__gamma': 'scale', 'svm__kernel': 'sigmoid'}",0.9362962962962963,0.9283582089552239,0.9258160237388724,0.9390787518573551,0.9643916913946587,0.9387881944484814,0.013703246667782252,9
93.80511803627014,1.1377359151092399,3.187296199798584,0.02347910975700725,0.701,balanced,auto,linear,"{'svm__C': 0.701, 'svm__class_weight': 'balanced', 'svm__gamma': 'auto', 'svm__kernel': 'linear'}",0.9147058823529411,0.9219219219219219,0.9235382308845578,0.9364844903988183,0.9497041420118343,0.9292709335140147,0.012398096455414846,57
242.83005118370056,1.3361916162413467,9.129288387298583,0.21337040964338982,0.701,balanced,auto,poly,"{'svm__C': 0.701, 'svm__class_weight': 'balanced', 'svm__gamma': 'auto', 'svm__kernel': 'poly'}",0.28,0.25,0.29,0.21761658031088082,0.2807017543859649,0.26366366693936916,0.026675099332477466,163
202.73071875572205,0.725034620384879,10.431037998199463,0.18393412983944954,0.701,balanced,auto,rbf,"{'svm__C': 0.701, 'svm__class_weight': 'balanced', 'svm__gamma': 'auto', 'svm__kernel': 'rbf'}",0.9288956127080181,0.9261538461538461,0.9143730886850153,0.9347496206373292,0.9500756429652042,0.9308495622298825,0.01168070618325838,45
97.66498832702636,1.8782073561888901,3.418651056289673,0.17396755880311485,0.701,balanced,auto,sigmoid,"{'svm__C': 0.701, 'svm__class_weight': 'balanced', 'svm__gamma': 'auto', 'svm__kernel': 'sigmoid'}",0.9362962962962963,0.9283582089552239,0.9258160237388724,0.9390787518573551,0.9643916913946587,0.9387881944484814,0.013703246667782252,9
94.31294584274292,1.4807603910558564,3.2274297714233398,0.055582362440039404,0.801,,scale,linear,"{'svm__C': 0.801, 'svm__class_weight': None, 'svm__gamma': 'scale', 'svm__kernel': 'linear'}",0.9147058823529411,0.9219219219219219,0.9235382308845578,0.9364844903988183,0.9497041420118343,0.9292709335140147,0.012398096455414846,57
246.13251819610596,1.0874163549177174,9.178250408172607,0.11687701268474732,0.801,,scale,poly,"{'svm__C': 0.801, 'svm__class_weight': None, 'svm__gamma': 'scale', 'svm__kernel': 'poly'}",0.21761658031088082,0.2094240837696335,0.2047244094488189,0.17066666666666666,0.22279792746113988,0.20504593353142794,0.01829950827938701,175
208.26297616958618,0.4400504359329285,10.36137900352478,0.19516435553295716,0.801,,scale,rbf,"{'svm__C': 0.801, 'svm__class_weight': None, 'svm__gamma': 'scale', 'svm__kernel': 'rbf'}",0.9214175654853621,0.9256965944272446,0.9192546583850931,0.9329268292682927,0.9353846153846154,0.9269360525901217,0.006297005508909572,111
91.90849375724792,1.4337871383100265,3.2471377849578857,0.0836293318912195,0.801,,scale,sigmoid,"{'svm__C': 0.801, 'svm__class_weight': None, 'svm__gamma': 'scale', 'svm__kernel': 'sigmoid'}",0.9295352323838081,0.9209726443768997,0.9165402124430956,0.9401197604790419,0.9578313253012049,0.93299983499681,0.014797785034890943,35
94.46816711425781,1.218835775234056,3.3236066818237306,0.10493133653959133,0.801,,auto,linear,"{'svm__C': 0.801, 'svm__class_weight': None, 'svm__gamma': 'auto', 'svm__kernel': 'linear'}",0.9147058823529411,0.9219219219219219,0.9235382308845578,0.9364844903988183,0.9497041420118343,0.9292709335140147,0.012398096455414846,57
247.1424506187439,0.5177359128100285,9.116471004486083,0.11276552480565141,0.801,,auto,poly,"{'svm__C': 0.801, 'svm__class_weight': None, 'svm__gamma': 'auto', 'svm__kernel': 'poly'}",0.21761658031088082,0.2094240837696335,0.2047244094488189,0.17066666666666666,0.22279792746113988,0.20504593353142794,0.01829950827938701,175
209.82882704734803,0.7317821641701933,10.267509746551514,0.2041999998751056,0.801,,auto,rbf,"{'svm__C': 0.801, 'svm__class_weight': None, 'svm__gamma': 'auto', 'svm__kernel': 'rbf'}",0.9214175654853621,0.9256965944272446,0.9192546583850931,0.9329268292682927,0.9353846153846154,0.9269360525901217,0.006297005508909572,111
93.24064235687256,2.2594917852843714,3.2499938011169434,0.10114285161133317,0.801,,auto,sigmoid,"{'svm__C': 0.801, 'svm__class_weight': None, 'svm__gamma': 'auto', 'svm__kernel': 'sigmoid'}",0.9295352323838081,0.9209726443768997,0.9165402124430956,0.9401197604790419,0.9578313253012049,0.93299983499681,0.014797785034890943,35
94.94557838439941,1.1760258329637987,3.2303640365600588,0.045732257704178776,0.801,balanced,scale,linear,"{'svm__C': 0.801, 'svm__class_weight': 'balanced', 'svm__gamma': 'scale', 'svm__kernel': 'linear'}",0.9147058823529411,0.9219219219219219,0.9235382308845578,0.9364844903988183,0.9497041420118343,0.9292709335140147,0.012398096455414846,57
245.41311745643617,0.838681948708913,9.349577569961548,0.20271449842652645,0.801,balanced,scale,poly,"{'svm__C': 0.801, 'svm__class_weight': 'balanced', 'svm__gamma': 'scale', 'svm__kernel': 'poly'}",0.28,0.2506393861892583,0.2942643391521197,0.23136246786632392,0.2807017543859649,0.2673935895187334,0.02296523929747678,161
210.52159690856934,0.7322068807349922,10.908098268508912,0.31426956423816704,0.801,balanced,scale,rbf,"{'svm__C': 0.801, 'svm__class_weight': 'balanced', 'svm__gamma': 'scale', 'svm__kernel': 'rbf'}",0.9305135951661632,0.9278033794162827,0.9143730886850153,0.9347496206373292,0.9500756429652042,0.9315030653739989,0.01152027420074919,41
97.48131351470947,3.7670771888517387,3.4926366806030273,0.2027819203391715,0.801,balanced,scale,sigmoid,"{'svm__C': 0.801, 'svm__class_weight': 'balanced', 'svm__gamma': 'scale', 'svm__kernel': 'sigmoid'}",0.9394387001477105,0.9301634472511144,0.9207772795216741,0.9392592592592592,0.9614243323442137,0.9382126037047944,0.013491942749310619,11
98.5597710609436,0.7993600796608479,3.183278751373291,0.09494236684566128,0.801,balanced,auto,linear,"{'svm__C': 0.801, 'svm__class_weight': 'balanced', 'svm__gamma': 'auto', 'svm__kernel': 'linear'}",0.9147058823529411,0.9219219219219219,0.9235382308845578,0.9364844903988183,0.9497041420118343,0.9292709335140147,0.012398096455414846,57
247.28589415550232,1.140390336700638,9.049609613418578,0.1256489690546947,0.801,balanced,auto,poly,"{'svm__C': 0.801, 'svm__class_weight': 'balanced', 'svm__gamma': 'auto', 'svm__kernel': 'poly'}",0.28,0.2506393861892583,0.2942643391521197,0.23136246786632392,0.2807017543859649,0.2673935895187334,0.02296523929747678,161
211.36894855499267,0.6121235249979254,10.871491289138794,0.4209397341492795,0.801,balanced,auto,rbf,"{'svm__C': 0.801, 'svm__class_weight': 'balanced', 'svm__gamma': 'auto', 'svm__kernel': 'rbf'}",0.9305135951661632,0.9278033794162827,0.9143730886850153,0.9347496206373292,0.9500756429652042,0.9315030653739989,0.01152027420074919,41
96.14330730438232,2.4967788922083387,3.293559741973877,0.10780987494467972,0.801,balanced,auto,sigmoid,"{'svm__C': 0.801, 'svm__class_weight': 'balanced', 'svm__gamma': 'auto', 'svm__kernel': 'sigmoid'}",0.9394387001477105,0.9301634472511144,0.9207772795216741,0.9392592592592592,0.9614243323442137,0.9382126037047944,0.013491942749310619,11
94.10865378379822,1.1967330601918242,3.1743311882019043,0.045768436008808665,0.901,,scale,linear,"{'svm__C': 0.901, 'svm__class_weight': None, 'svm__gamma': 'scale', 'svm__kernel': 'linear'}",0.9147058823529411,0.9219219219219219,0.9235382308845578,0.9364844903988183,0.9497041420118343,0.9292709335140147,0.012398096455414846,57
242.87229638099672,0.9200678251595443,8.952826833724975,0.19245547031619503,0.901,,scale,poly,"{'svm__C': 0.901, 'svm__class_weight': None, 'svm__gamma': 'scale', 'svm__kernel': 'poly'}",0.2358974358974359,0.22337662337662337,0.23255813953488372,0.18469656992084432,0.24552429667519182,0.22441061308099583,0.021082652961541805,171
214.20128655433655,0.37875315490537337,10.18204026222229,0.21872777439452423,0.901,,scale,rbf,"{'svm__C': 0.901, 'svm__class_weight': None, 'svm__gamma': 'scale', 'svm__kernel': 'rbf'}",0.9263803680981595,0.9271317829457364,0.9195046439628483,0.9345509893455098,0.9402756508422665,0.929568687038904,0.007167304269037801,51
88.58200750350952,1.4784274935905197,3.169430112838745,0.06433560244714152,0.901,,scale,sigmoid,"{'svm__C': 0.901, 'svm__class_weight': None, 'svm__gamma': 'scale', 'svm__kernel': 'sigmoid'}",0.9281437125748503,0.9170437405731523,0.9167927382753404,0.9417040358744395,0.9548192771084337,0.9317007008812432,0.014725904237786488,39
94.88378858566284,1.6504158151383235,3.2235157012939455,0.10268744933450143,0.901,,auto,linear,"{'svm__C': 0.901, 'svm__class_weight': None, 'svm__gamma': 'auto', 'svm__kernel': 'linear'}",0.9147058823529411,0.9219219219219219,0.9235382308845578,0.9364844903988183,0.9497041420118343,0.9292709335140147,0.012398096455414846,57
250.50382056236268,0.6193061989831318,9.59326457977295,0.42431737095226535,0.901,,auto,poly,"{'svm__C': 0.901, 'svm__class_weight': None, 'svm__gamma': 'auto', 'svm__kernel': 'poly'}",0.2358974358974359,0.22337662337662337,0.23255813953488372,0.18469656992084432,0.24552429667519182,0.22441061308099583,0.021082652961541805,171
221.14468297958373,0.7548415977469265,10.168183422088623,0.12930436876315582,0.901,,auto,rbf,"{'svm__C': 0.901, 'svm__class_weight': None, 'svm__gamma': 'auto', 'svm__kernel': 'rbf'}",0.9263803680981595,0.9271317829457364,0.9195046439628483,0.9345509893455098,0.9402756508422665,0.929568687038904,0.007167304269037801,51
91.34131927490235,1.346770994522587,3.305418539047241,0.1331366097298055,0.901,,auto,sigmoid,"{'svm__C': 0.901, 'svm__class_weight': None, 'svm__gamma': 'auto', 'svm__kernel': 'sigmoid'}",0.9281437125748503,0.9170437405731523,0.9167927382753404,0.9417040358744395,0.9548192771084337,0.9317007008812432,0.014725904237786488,39
97.00878434181213,1.4073604756553202,3.3438390731811523,0.10535541719142504,0.901,balanced,scale,linear,"{'svm__C': 0.901, 'svm__class_weight': 'balanced', 'svm__gamma': 'scale', 'svm__kernel': 'linear'}",0.9147058823529411,0.9219219219219219,0.9235382308845578,0.9364844903988183,0.9497041420118343,0.9292709335140147,0.012398096455414846,57
248.37912125587462,1.2476639419286384,9.003214502334595,0.19337984493285615,0.901,balanced,scale,poly,"{'svm__C': 0.901, 'svm__class_weight': 'balanced', 'svm__gamma': 'scale', 'svm__kernel': 'poly'}",0.28428927680798005,0.2506393861892583,0.29850746268656714,0.23136246786632392,0.285,0.2699597187100259,0.02493809537281874,159
217.76588077545165,1.4951631518670805,10.271304368972778,0.16113969760637334,0.901,balanced,scale,rbf,"{'svm__C': 0.901, 'svm__class_weight': 'balanced', 'svm__gamma': 'scale', 'svm__kernel': 'rbf'}",0.9337349397590361,0.9310872894333844,0.9157733537519143,0.9363636363636364,0.9500756429652042,0.933406972454635,0.010981980135526448,33
92.37136344909668,1.9615333201318554,3.259882020950317,0.06926809594132169,0.901,balanced,scale,sigmoid,"{'svm__C': 0.901, 'svm__class_weight': 'balanced', 'svm__gamma': 'scale', 'svm__kernel': 'sigmoid'}",0.9382352941176471,0.9269746646795827,0.9191616766467066,0.9423929098966026,0.9587020648967551,0.9370933220474589,0.013566566498666428,13
93.9528944015503,1.3444616993778293,3.2864686012268067,0.08774623540284637,0.901,balanced,auto,linear,"{'svm__C': 0.901, 'svm__class_weight': 'balanced', 'svm__gamma': 'auto', 'svm__kernel': 'linear'}",0.9147058823529411,0.9219219219219219,0.9235382308845578,0.9364844903988183,0.9497041420118343,0.9292709335140147,0.012398096455414846,57
245.11165657043458,0.7213546760617191,9.22587022781372,0.18475929256121243,0.901,balanced,auto,poly,"{'svm__C': 0.901, 'svm__class_weight': 'balanced', 'svm__gamma': 'auto', 'svm__kernel': 'poly'}",0.28428927680798005,0.2506393861892583,0.29850746268656714,0.23136246786632392,0.285,0.2699597187100259,0.02493809537281874,159
216.66572680473328,1.5687162882104628,10.23172469139099,0.131648658537869,0.901,balanced,auto,rbf,"{'svm__C': 0.901, 'svm__class_weight': 'balanced', 'svm__gamma': 'auto', 'svm__kernel': 'rbf'}",0.9337349397590361,0.9310872894333844,0.9157733537519143,0.9363636363636364,0.9500756429652042,0.933406972454635,0.010981980135526448,33
91.71707339286804,1.50557120396209,3.2582685947418213,0.058281603136792474,0.901,balanced,auto,sigmoid,"{'svm__C': 0.901, 'svm__class_weight': 'balanced', 'svm__gamma': 'auto', 'svm__kernel': 'sigmoid'}",0.9382352941176471,0.9269746646795827,0.9191616766467066,0.9423929098966026,0.9587020648967551,0.9370933220474589,0.013566566498666428,13
93.47974157333374,1.175026857176064,3.1987802505493166,0.08451814625794823,1.001,,scale,linear,"{'svm__C': 1.001, 'svm__class_weight': None, 'svm__gamma': 'scale', 'svm__kernel': 'linear'}",0.9147058823529411,0.9219219219219219,0.9235382308845578,0.9364844903988183,0.9497041420118343,0.9292709335140147,0.012398096455414846,57
249.10629897117616,0.23926702429147712,9.207286643981934,0.28569304264169454,1.001,,scale,poly,"{'svm__C': 1.001, 'svm__class_weight': None, 'svm__gamma': 'scale', 'svm__kernel': 'poly'}",0.25380710659898476,0.23255813953488372,0.24615384615384617,0.1942257217847769,0.25,0.2353489628144983,0.021776184761905595,169
220.53639049530028,0.6423677968001367,10.188883733749389,0.19125346251784642,1.001,,scale,rbf,"{'svm__C': 1.001, 'svm__class_weight': None, 'svm__gamma': 'scale', 'svm__kernel': 'rbf'}",0.9249617151607963,0.9256965944272446,0.9180834621329211,0.9345509893455098,0.9435114503816794,0.9293608422896302,0.008799268957453218,55
88.93948726654052,1.0318951290029235,3.1101547718048095,0.18551312155990277,1.001,,scale,sigmoid,"{'svm__C': 1.001, 'svm__class_weight': None, 'svm__gamma': 'scale', 'svm__kernel': 'sigmoid'}",0.924924924924925,0.9154078549848943,0.918429003021148,0.9401197604790419,0.9565217391304348,0.9310806565080888,0.015313707326821713,43
95.18736081123352,1.3215427021089008,3.2435104846954346,0.03137037642764313,1.001,,auto,linear,"{'svm__C': 1.001, 'svm__class_weight': None, 'svm__gamma': 'auto', 'svm__kernel': 'linear'}",0.9147058823529411,0.9219219219219219,0.9235382308845578,0.9364844903988183,0.9497041420118343,0.9292709335140147,0.012398096455414846,57
254.95505061149598,1.597606664687721,9.273408603668212,0.2068339554304852,1.001,,auto,poly,"{'svm__C': 1.001, 'svm__class_weight': None, 'svm__gamma': 'auto', 'svm__kernel': 'poly'}",0.25380710659898476,0.23255813953488372,0.24615384615384617,0.1942257217847769,0.25,0.2353489628144983,0.021776184761905595,169
224.727210855484,0.799898543931556,9.963891220092773,0.08057541548199247,1.001,,auto,rbf,"{'svm__C': 1.001, 'svm__class_weight': None, 'svm__gamma': 'auto', 'svm__kernel': 'rbf'}",0.9249617151607963,0.9256965944272446,0.9180834621329211,0.9345509893455098,0.9435114503816794,0.9293608422896302,0.008799268957453218,55
87.53206520080566,2.248457940646647,3.001008081436157,0.10700683676744589,1.001,,auto,sigmoid,"{'svm__C': 1.001, 'svm__class_weight': None, 'svm__gamma': 'auto', 'svm__kernel': 'sigmoid'}",0.924924924924925,0.9154078549848943,0.918429003021148,0.9401197604790419,0.9565217391304348,0.9310806565080888,0.015313707326821713,43
91.43033661842347,1.23251439501302,3.154474639892578,0.07878085507079967,1.001,balanced,scale,linear,"{'svm__C': 1.001, 'svm__class_weight': 'balanced', 'svm__gamma': 'scale', 'svm__kernel': 'linear'}",0.9147058823529411,0.9219219219219219,0.9235382308845578,0.9364844903988183,0.9497041420118343,0.9292709335140147,0.012398096455414846,57
239.47360157966614,0.5100149419196722,9.025729703903199,0.1922402475536156,1.001,balanced,scale,poly,"{'svm__C': 1.001, 'svm__class_weight': 'balanced', 'svm__gamma': 'scale', 'svm__kernel': 'poly'}",0.2885572139303483,0.2506393861892583,0.3027295285359802,0.23136246786632392,0.2935323383084577,0.2733641869660737,0.027497151343744655,157
210.88470416069032,0.8175105776880885,10.152794647216798,0.1830704083586886,1.001,balanced,scale,rbf,"{'svm__C': 1.001, 'svm__class_weight': 'balanced', 'svm__gamma': 'scale', 'svm__kernel': 'rbf'}",0.9353383458646617,0.9310872894333844,0.9190839694656489,0.9363636363636364,0.9532428355957768,0.9350232153446216,0.010985460116156094,25
87.71979050636291,1.6681220956381173,3.137617826461792,0.09334457265362477,1.001,balanced,scale,sigmoid,"{'svm__C': 1.001, 'svm__class_weight': 'balanced', 'svm__gamma': 'scale', 'svm__kernel': 'sigmoid'}",0.9354838709677419,0.9269746646795827,0.9207772795216741,0.9380530973451328,0.9587020648967551,0.9359981954821773,0.012907774622984437,15
91.18651928901673,1.335662025720155,3.1863993644714355,0.04091503616301417,1.001,balanced,auto,linear,"{'svm__C': 1.001, 'svm__class_weight': 'balanced', 'svm__gamma': 'auto', 'svm__kernel': 'linear'}",0.9147058823529411,0.9219219219219219,0.9235382308845578,0.9364844903988183,0.9497041420118343,0.9292709335140147,0.012398096455414846,57
239.22382860183717,0.3447972631004686,9.105783843994141,0.24349152390673712,1.001,balanced,auto,poly,"{'svm__C': 1.001, 'svm__class_weight': 'balanced', 'svm__gamma': 'auto', 'svm__kernel': 'poly'}",0.2885572139303483,0.2506393861892583,0.3027295285359802,0.23136246786632392,0.2935323383084577,0.2733641869660737,0.027497151343744655,157
211.2948896408081,0.4905240657950022,10.397144842147828,0.14878607539244063,1.001,balanced,auto,rbf,"{'svm__C': 1.001, 'svm__class_weight': 'balanced', 'svm__gamma': 'auto', 'svm__kernel': 'rbf'}",0.9353383458646617,0.9310872894333844,0.9190839694656489,0.9363636363636364,0.9532428355957768,0.9350232153446216,0.010985460116156094,25
89.01578478813171,2.6426723983791875,3.182362174987793,0.08223644236971896,1.001,balanced,auto,sigmoid,"{'svm__C': 1.001, 'svm__class_weight': 'balanced', 'svm__gamma': 'auto', 'svm__kernel': 'sigmoid'}",0.9354838709677419,0.9269746646795827,0.9207772795216741,0.9380530973451328,0.9587020648967551,0.9359981954821773,0.012907774622984437,15
93.71709213256835,1.089178991852694,3.17592568397522,0.03928450339701444,5.0,,scale,linear,"{'svm__C': 5, 'svm__class_weight': None, 'svm__gamma': 'scale', 'svm__kernel': 'linear'}",0.9147058823529411,0.9219219219219219,0.9235382308845578,0.9364844903988183,0.9497041420118343,0.9292709335140147,0.012398096455414846,57
246.15676369667054,0.584499142129864,9.329774522781372,0.16011440263451487,5.0,,scale,poly,"{'svm__C': 5, 'svm__class_weight': None, 'svm__gamma': 'scale', 'svm__kernel': 'poly'}",0.29280397022332505,0.2595419847328244,0.3235294117647059,0.25380710659898476,0.30617283950617286,0.2871710625652026,0.026800172505771973,149
224.438849401474,0.676161189031224,10.347094631195068,0.11762241117495727,5.0,,scale,rbf,"{'svm__C': 5, 'svm__class_weight': None, 'svm__gamma': 'scale', 'svm__kernel': 'rbf'}",0.9335347432024169,0.9308755760368663,0.9235474006116208,0.9381598793363499,0.9532428355957768,0.9358720869566062,0.009892452607484753,17
70.42601141929626,0.7169309247882972,2.288547992706299,0.09120970291284031,5.0,,scale,sigmoid,"{'svm__C': 5, 'svm__class_weight': None, 'svm__gamma': 'scale', 'svm__kernel': 'sigmoid'}",0.908029197080292,0.9101620029455081,0.9228486646884273,0.9210526315789473,0.9376854599406528,0.9199555912467655,0.010602592748572276,121
92.14576406478882,1.289117830260824,3.2488225936889648,0.09250808084743857,5.0,,auto,linear,"{'svm__C': 5, 'svm__class_weight': None, 'svm__gamma': 'auto', 'svm__kernel': 'linear'}",0.9147058823529411,0.9219219219219219,0.9235382308845578,0.9364844903988183,0.9497041420118343,0.9292709335140147,0.012398096455414846,57
243.75608105659484,0.1711150433926032,9.16557755470276,0.27257480790508365,5.0,,auto,poly,"{'svm__C': 5, 'svm__class_weight': None, 'svm__gamma': 'auto', 'svm__kernel': 'poly'}",0.29280397022332505,0.2595419847328244,0.3235294117647059,0.25380710659898476,0.30617283950617286,0.2871710625652026,0.026800172505771973,149
222.49237451553344,0.7821114459403248,10.327028179168702,0.2296188421942659,5.0,,auto,rbf,"{'svm__C': 5, 'svm__class_weight': None, 'svm__gamma': 'auto', 'svm__kernel': 'rbf'}",0.9335347432024169,0.9308755760368663,0.9235474006116208,0.9381598793363499,0.9532428355957768,0.9358720869566062,0.009892452607484753,17
70.31354899406433,1.2058391080629736,2.294850206375122,0.1345980822584356,5.0,,auto,sigmoid,"{'svm__C': 5, 'svm__class_weight': None, 'svm__gamma': 'auto', 'svm__kernel': 'sigmoid'}",0.908029197080292,0.9101620029455081,0.9228486646884273,0.9210526315789473,0.9376854599406528,0.9199555912467655,0.010602592748572276,121
95.07079067230225,1.6163272751320121,3.408953905105591,0.1238071421242485,5.0,balanced,scale,linear,"{'svm__C': 5, 'svm__class_weight': 'balanced', 'svm__gamma': 'scale', 'svm__kernel': 'linear'}",0.9147058823529411,0.9219219219219219,0.9235382308845578,0.9364844903988183,0.9497041420118343,0.9292709335140147,0.012398096455414846,57
246.18507075309753,0.18074983113277548,9.263492059707641,0.14654595938608034,5.0,balanced,scale,poly,"{'svm__C': 5, 'svm__class_weight': 'balanced', 'svm__gamma': 'scale', 'svm__kernel': 'poly'}",0.29280397022332505,0.2595419847328244,0.3235294117647059,0.25380710659898476,0.30617283950617286,0.2871710625652026,0.026800172505771973,149
222.65836863517762,1.527306516401411,10.061391639709473,0.23560680011328383,5.0,balanced,scale,rbf,"{'svm__C': 5, 'svm__class_weight': 'balanced', 'svm__gamma': 'scale', 'svm__kernel': 'rbf'}",0.9335347432024169,0.9308755760368663,0.9235474006116208,0.9381598793363499,0.9532428355957768,0.9358720869566062,0.009892452607484753,17
69.42288942337036,1.3004782841960059,2.309085416793823,0.13104177045030135,5.0,balanced,scale,sigmoid,"{'svm__C': 5, 'svm__class_weight': 'balanced', 'svm__gamma': 'scale', 'svm__kernel': 'sigmoid'}",0.908029197080292,0.9072164948453608,0.9212481426448736,0.9167883211678832,0.9321533923303835,0.9170871096137587,0.009207292334760904,125
91.12390160560608,1.158296359344693,3.151766777038574,0.055703569588163505,5.0,balanced,auto,linear,"{'svm__C': 5, 'svm__class_weight': 'balanced', 'svm__gamma': 'auto', 'svm__kernel': 'linear'}",0.9147058823529411,0.9219219219219219,0.9235382308845578,0.9364844903988183,0.9497041420118343,0.9292709335140147,0.012398096455414846,57
240.47410569190978,0.6423414718955622,8.94912223815918,0.07223763244850465,5.0,balanced,auto,poly,"{'svm__C': 5, 'svm__class_weight': 'balanced', 'svm__gamma': 'auto', 'svm__kernel': 'poly'}",0.29280397022332505,0.2595419847328244,0.3235294117647059,0.25380710659898476,0.30617283950617286,0.2871710625652026,0.026800172505771973,149
218.8203049659729,0.7575004995927926,10.085034370422363,0.20665959024272848,5.0,balanced,auto,rbf,"{'svm__C': 5, 'svm__class_weight': 'balanced', 'svm__gamma': 'auto', 'svm__kernel': 'rbf'}",0.9335347432024169,0.9308755760368663,0.9235474006116208,0.9381598793363499,0.9532428355957768,0.9358720869566062,0.009892452607484753,17
68.8186264038086,1.089633209795676,2.303857851028442,0.12801858360340748,5.0,balanced,auto,sigmoid,"{'svm__C': 5, 'svm__class_weight': 'balanced', 'svm__gamma': 'auto', 'svm__kernel': 'sigmoid'}",0.908029197080292,0.9072164948453608,0.9212481426448736,0.9167883211678832,0.9321533923303835,0.9170871096137587,0.009207292334760904,125
90.61595764160157,1.244246622787399,3.1614416599273683,0.11348681849678528,10.0,,scale,linear,"{'svm__C': 10, 'svm__class_weight': None, 'svm__gamma': 'scale', 'svm__kernel': 'linear'}",0.9147058823529411,0.9219219219219219,0.9235382308845578,0.9364844903988183,0.9497041420118343,0.9292709335140147,0.012398096455414846,57
240.17057003974915,0.21595997774701076,9.019599676132202,0.20523102211773808,10.0,,scale,poly,"{'svm__C': 10, 'svm__class_weight': None, 'svm__gamma': 'scale', 'svm__kernel': 'poly'}",0.29280397022332505,0.2595419847328244,0.3235294117647059,0.25380710659898476,0.30617283950617286,0.2871710625652026,0.026800172505771973,149
218.87107167243957,0.8633492860867228,10.227978372573853,0.13863516921927557,10.0,,scale,rbf,"{'svm__C': 10, 'svm__class_weight': None, 'svm__gamma': 'scale', 'svm__kernel': 'rbf'}",0.9335347432024169,0.9308755760368663,0.9235474006116208,0.9381598793363499,0.9532428355957768,0.9358720869566062,0.009892452607484753,17
68.40966963768005,0.9836046663674624,2.2621175765991213,0.06665076443182737,10.0,,scale,sigmoid,"{'svm__C': 10, 'svm__class_weight': None, 'svm__gamma': 'scale', 'svm__kernel': 'sigmoid'}",0.906158357771261,0.9072164948453608,0.924219910846954,0.9122807017543859,0.930780559646539,0.9161312049729002,0.00973433991672884,127
90.94256973266602,1.2299492167008501,3.2070497989654543,0.0840218598265243,10.0,,auto,linear,"{'svm__C': 10, 'svm__class_weight': None, 'svm__gamma': 'auto', 'svm__kernel': 'linear'}",0.9147058823529411,0.9219219219219219,0.9235382308845578,0.9364844903988183,0.9497041420118343,0.9292709335140147,0.012398096455414846,57
253.74547944068908,0.5385649611833874,9.315554094314574,0.21179153990238836,10.0,,auto,poly,"{'svm__C': 10, 'svm__class_weight': None, 'svm__gamma': 'auto', 'svm__kernel': 'poly'}",0.29280397022332505,0.2595419847328244,0.3235294117647059,0.25380710659898476,0.30617283950617286,0.2871710625652026,0.026800172505771973,149
233.61913061141968,1.3673699921914708,10.92950005531311,0.44572784892098816,10.0,,auto,rbf,"{'svm__C': 10, 'svm__class_weight': None, 'svm__gamma': 'auto', 'svm__kernel': 'rbf'}",0.9335347432024169,0.9308755760368663,0.9235474006116208,0.9381598793363499,0.9532428355957768,0.9358720869566062,0.009892452607484753,17
73.21800198554993,2.150070559131464,2.3665531635284425,0.058611560955308256,10.0,,auto,sigmoid,"{'svm__C': 10, 'svm__class_weight': None, 'svm__gamma': 'auto', 'svm__kernel': 'sigmoid'}",0.906158357771261,0.9072164948453608,0.924219910846954,0.9122807017543859,0.930780559646539,0.9161312049729002,0.00973433991672884,127
96.8915744304657,1.4138906925983687,3.368840217590332,0.06687642136385023,10.0,balanced,scale,linear,"{'svm__C': 10, 'svm__class_weight': 'balanced', 'svm__gamma': 'scale', 'svm__kernel': 'linear'}",0.9147058823529411,0.9219219219219219,0.9235382308845578,0.9364844903988183,0.9497041420118343,0.9292709335140147,0.012398096455414846,57
249.86112866401672,0.8896944883017442,9.178323459625243,0.2017329972003768,10.0,balanced,scale,poly,"{'svm__C': 10, 'svm__class_weight': 'balanced', 'svm__gamma': 'scale', 'svm__kernel': 'poly'}",0.29280397022332505,0.2595419847328244,0.3235294117647059,0.25380710659898476,0.30617283950617286,0.2871710625652026,0.026800172505771973,149
227.30495376586913,0.39070104463694577,11.126039171218872,0.20422707650709354,10.0,balanced,scale,rbf,"{'svm__C': 10, 'svm__class_weight': 'balanced', 'svm__gamma': 'scale', 'svm__kernel': 'rbf'}",0.9335347432024169,0.9308755760368663,0.9235474006116208,0.9381598793363499,0.9532428355957768,0.9358720869566062,0.009892452607484753,17
72.46440410614014,2.6612596776112194,2.405088996887207,0.08101425714298878,10.0,balanced,scale,sigmoid,"{'svm__C': 10, 'svm__class_weight': 'balanced', 'svm__gamma': 'scale', 'svm__kernel': 'sigmoid'}",0.9077598828696926,0.9042709867452136,0.924219910846954,0.9122807017543859,0.930780559646539,0.9158624083725571,0.010052260265323701,129
97.23185739517211,0.6817045108922278,3.1887590408325197,0.0802108311332915,10.0,balanced,auto,linear,"{'svm__C': 10, 'svm__class_weight': 'balanced', 'svm__gamma': 'auto', 'svm__kernel': 'linear'}",0.9147058823529411,0.9219219219219219,0.9235382308845578,0.9364844903988183,0.9497041420118343,0.9292709335140147,0.012398096455414846,57
252.35220193862915,1.0801103914774928,8.42847375869751,0.8166048195006484,10.0,balanced,auto,poly,"{'svm__C': 10, 'svm__class_weight': 'balanced', 'svm__gamma': 'auto', 'svm__kernel': 'poly'}",0.29280397022332505,0.2595419847328244,0.3235294117647059,0.25380710659898476,0.30617283950617286,0.2871710625652026,0.026800172505771973,149
224.55374093055724,3.4014696377624967,6.729201316833496,2.00033850021939,10.0,balanced,auto,rbf,"{'svm__C': 10, 'svm__class_weight': 'balanced', 'svm__gamma': 'auto', 'svm__kernel': 'rbf'}",0.9335347432024169,0.9308755760368663,0.9235474006116208,0.9381598793363499,0.9532428355957768,0.9358720869566062,0.009892452607484753,17
57.136773872375485,12.621778615030461,1.5822649478912354,0.5426806548457647,10.0,balanced,auto,sigmoid,"{'svm__C': 10, 'svm__class_weight': 'balanced', 'svm__gamma': 'auto', 'svm__kernel': 'sigmoid'}",0.9077598828696926,0.9042709867452136,0.924219910846954,0.9122807017543859,0.930780559646539,0.9158624083725571,0.010052260265323701,129
